{"categories":[{"name":"L_MicrosoftOfficeaccess","displayName":"Microsoft Access 2016"},{"parentCategory":{"ref":"L_MicrosoftOfficeaccess"},"name":"L_ApplicationSettings","displayName":"應用程式設定"},{"parentCategory":{"ref":"L_ApplicationSettings"},"name":"L_International","displayName":"國際"},{"parentCategory":{"ref":"L_ApplicationSettings"},"name":"L_WebOptions","displayName":"Web 選項..."},{"parentCategory":{"ref":"L_WebOptions"},"name":"L_General","displayName":"一般"},{"parentCategory":{"ref":"L_ApplicationSettings"},"name":"L_general5","displayName":"一般"},{"parentCategory":{"ref":"L_ApplicationSettings"},"name":"L_Security","displayName":"安全性"},{"parentCategory":{"ref":"L_Security"},"name":"L_Cryptography","displayName":"密碼編譯"},{"parentCategory":{"ref":"L_Security"},"name":"L_TrustCenter","displayName":"信任中心"},{"parentCategory":{"ref":"L_TrustCenter"},"name":"L_TrustedLocations","displayName":"信任位置"},{"parentCategory":{"ref":"L_MicrosoftOfficeaccess"},"name":"L_Customizableerrormessages","displayName":"可自訂的錯誤訊息"},{"parentCategory":{"ref":"L_MicrosoftOfficeaccess"},"name":"L_Disableitemsinuserinterface","displayName":"停用使用者介面中的項目"},{"parentCategory":{"ref":"L_Disableitemsinuserinterface"},"name":"L_Custom","displayName":"自訂"},{"parentCategory":{"ref":"L_MicrosoftOfficeaccess"},"name":"L_Miscellaneous","displayName":"其他"}],"policies":[{"parentCategory":{"ref":"L_International"},"supportedOn":{"ref":"windows:SUPPORTED_Windows7"},"elements":{"items":[{"item":[{"value":{"decimal":{"value":0}},"displayName":"從左至右"},{"value":{"decimal":{"value":1}},"displayName":"從右至左"}],"valueName":"new tables/queries/forms/reports","inputType":"dropdownList","caption":"預設方向","id":"L_defaultdirection0"}]},"name":"L_Defaultdirection","displayName":"預設方向","explainText":"指定預設左-右文字方向。","tags":["L_International","L_ApplicationSettings","L_MicrosoftOfficeaccess"],"application":"access16","key":"software\\microsoft\\office\\16.0\\access\\settings"},{"parentCategory":{"ref":"L_International"},"supportedOn":{"ref":"windows:SUPPORTED_Windows7"},"elements":{"items":[{"item":[{"value":{"decimal":{"value":0}},"displayName":"介面模式"},{"value":{"decimal":{"value":1}},"displayName":"文字模式"}],"valueName":"general alignment","inputType":"dropdownList","caption":"一般對齊","id":"L_generalalignment1"}]},"name":"L_GeneralAlignment","displayName":"一般對齊","explainText":"指定預設文字對齊方式。","tags":["L_International","L_ApplicationSettings","L_MicrosoftOfficeaccess"],"application":"access16","key":"software\\microsoft\\office\\16.0\\access\\settings"},{"parentCategory":{"ref":"L_International"},"supportedOn":{"ref":"windows:SUPPORTED_Windows7"},"elements":{"items":[{"item":[{"value":{"decimal":{"value":0}},"displayName":"邏輯"},{"value":{"decimal":{"value":1}},"displayName":"視覺"}],"valueName":"cursor","inputType":"dropdownList","caption":"游標移動方式","id":"L_cursormovement2"}]},"name":"L_Cursormovement","displayName":"游標移動方式","explainText":"指定預設游標移動方式模式。","tags":["L_International","L_ApplicationSettings","L_MicrosoftOfficeaccess"],"application":"access16","key":"software\\microsoft\\office\\16.0\\access\\settings"},{"parentCategory":{"ref":"L_General"},"supportedOn":{"ref":"windows:SUPPORTED_Windows7"},"elements":{"items":[{"item":[{"value":{"decimal":{"value":0}},"displayName":"黑色"},{"value":{"decimal":{"value":1}},"displayName":"暗紅"},{"value":{"decimal":{"value":2}},"displayName":"綠色"},{"value":{"decimal":{"value":3}},"displayName":"橄欖色"},{"value":{"decimal":{"value":4}},"displayName":"深藍"},{"value":{"decimal":{"value":5}},"displayName":"紫蘿蘭色"},{"value":{"decimal":{"value":6}},"displayName":"藍綠色"},{"value":{"decimal":{"value":7}},"displayName":"灰色"},{"value":{"decimal":{"value":8}},"displayName":"銀色"},{"value":{"decimal":{"value":9}},"displayName":"紅色"},{"value":{"decimal":{"value":10}},"displayName":"亮綠"},{"value":{"decimal":{"value":11}},"displayName":"黃色"},{"value":{"decimal":{"value":12}},"displayName":"藍色"},{"value":{"decimal":{"value":13}},"displayName":"桃紅"},{"value":{"decimal":{"value":14}},"displayName":"青色"},{"value":{"decimal":{"value":15}},"displayName":"白色"}],"valueName":"hyperlinkcolor","inputType":"dropdownList","caption":"超連結色彩","id":"L_hyperlinkcolor3"}]},"name":"L_Hyperlinkcolor","displayName":"超連結色彩","explainText":"指定超連結的預設文字色彩。","tags":["L_General","L_WebOptions","L_ApplicationSettings","L_MicrosoftOfficeaccess"],"application":"access16","key":"software\\microsoft\\office\\16.0\\access\\internet"},{"parentCategory":{"ref":"L_General"},"supportedOn":{"ref":"windows:SUPPORTED_Windows7"},"elements":{"items":[{"item":[{"value":{"decimal":{"value":0}},"displayName":"黑色"},{"value":{"decimal":{"value":1}},"displayName":"暗紅"},{"value":{"decimal":{"value":2}},"displayName":"綠色"},{"value":{"decimal":{"value":3}},"displayName":"橄欖色"},{"value":{"decimal":{"value":4}},"displayName":"深藍"},{"value":{"decimal":{"value":5}},"displayName":"紫蘿蘭色"},{"value":{"decimal":{"value":6}},"displayName":"藍綠色"},{"value":{"decimal":{"value":7}},"displayName":"灰色"},{"value":{"decimal":{"value":8}},"displayName":"銀色"},{"value":{"decimal":{"value":9}},"displayName":"紅色"},{"value":{"decimal":{"value":10}},"displayName":"亮綠"},{"value":{"decimal":{"value":11}},"displayName":"黃色"},{"value":{"decimal":{"value":12}},"displayName":"藍色"},{"value":{"decimal":{"value":13}},"displayName":"桃紅"},{"value":{"decimal":{"value":14}},"displayName":"青色"},{"value":{"decimal":{"value":15}},"displayName":"白色"}],"valueName":"followedhyperlinkcolor","inputType":"dropdownList","caption":"已瀏覽過的超連結色彩","id":"L_followedhyperlinkcolor4"}]},"name":"L_Followedhyperlinkcolor","displayName":"已瀏覽過的超連結色彩","explainText":"指定已瀏覽過之超連結的預設文字色彩。","tags":["L_General","L_WebOptions","L_ApplicationSettings","L_MicrosoftOfficeaccess"],"application":"access16","key":"software\\microsoft\\office\\16.0\\access\\internet"},{"parentCategory":{"ref":"L_General"},"supportedOn":{"ref":"windows:SUPPORTED_Windows7"},"enabledValue":{"decimal":{"value":0}},"disabledValue":{"decimal":{"value":1}},"name":"L_Underlinehyperlinks","displayName":"超連結加底線","explainText":"此原則設定可控制 Access 資料表、查詢、表單和報表中的超連結是否要加底線。\n      \n如果啟用此原則設定，則 Access 會在建立資料表、查詢、表單和報表中的所有超連結時加上底線，並覆寫使用者電腦上的任何設定變更。\n      \n如果停用此原則設定，則 Access 不會對資料表、查詢、表單和報表中的超連結加上底線。\n      \n若未設定此原則設定，則 Access 會在資料表、查詢、表單和報表中出現的超連結下方加上底線。\n      \n啟用此原則設定會強制套用 Access 中的預設設定，因此不至於對多數使用者造成重大的使用性問題。如果變更此設定，則使用者可能會在不知情的狀況下按下危險的超連結，因而引發安全性風險。","tags":["L_General","L_WebOptions","L_ApplicationSettings","L_MicrosoftOfficeaccess"],"application":"access16","key":"software\\microsoft\\office\\16.0\\access\\internet","valueName":"donotunderlinehyperlinks"},{"parentCategory":{"ref":"L_general5"},"supportedOn":{"ref":"windows:SUPPORTED_Windows7"},"elements":{"items":[{"valueName":"max display","minValue":0,"minValueSpecified":true,"maxValue":50,"maxValueSpecified":true,"inputType":"decimalTextBox","caption":"項目數: ","id":"L_Numberofentries"}]},"name":"L_Recentlyusedfilelist","displayName":"[最近] 清單中的檔案數","explainText":"此原則設定可指定當使用者在 Backstage 檢視中按一下 [檔案] 索引標籤的 [開啟舊檔] 時，[最近] 清單中顯示的項目數。  \n\n如果啟用此原則設定，您可以將項目數指定為介於 0 和 50 之間的數字。如果將數字設定為 0，則所有已固定和取消固定的項目都會隱藏顯示。\n\n如果停用或未設定此原則設定，則 [最近] 清單中最多將顯示 25 個項目。\n\n注意: 若要避免將項目全部新增到 [最近] 清單中，您可以啟用 Windows 的 [不保留最近開啟文件的記錄] 原則設定。","tags":["L_general5","L_ApplicationSettings","L_MicrosoftOfficeaccess"],"application":"access16","key":"software\\microsoft\\office\\16.0\\access\\file mru"},{"parentCategory":{"ref":"L_general5"},"supportedOn":{"ref":"windows:SUPPORTED_Windows7"},"elements":{"items":[{"valueName":"max display","minValue":0,"minValueSpecified":true,"maxValue":20,"maxValueSpecified":true,"inputType":"decimalTextBox","caption":"資料夾數: ","id":"L_SetNumberOfPlacesInTheRecentPlacesListSpinID"}]},"name":"L_SetNumberOfPlacesInTheRecentPlacesList","displayName":"[最近使用的資料夾] 清單中的資料夾數","explainText":"此原則設定可指定當使用者在 Backstage 檢視中按一下 [檔案] 索引標籤的 [開啟舊檔] 或 [另存新檔] 時，[最近使用的資料夾] 清單中顯示的取消固定項目數。\n\n如果啟用此原則設定，您可以將取消固定項目數指定為介於 0 和 20 之間的數字。如果將數字設定為 0，則所有已固定和取消固定的項目都會隱藏顯示。\n\n如果停用或未設定此原則設定，則 [最近使用的資料夾] 清單中最多將顯示 5 個取消固定的項目。\n\n注意: 若要避免將項目全部新增到 [最近使用的資料夾] 清單中，您可以啟用 Windows 的 [不保留最近開啟文件的記錄] 原則設定。","tags":["L_general5","L_ApplicationSettings","L_MicrosoftOfficeaccess"],"application":"access16","key":"software\\microsoft\\office\\16.0\\access\\place mru"},{"parentCategory":{"ref":"L_general5"},"supportedOn":{"ref":"windows:SUPPORTED_Windows7"},"elements":{"items":[{"valueName":"default database directory","requiredSpecified":false,"expandableSpecified":false,"maxLength":2147483647,"maxLengthSpecified":false,"inputType":"textBox","caption":"預設資料庫資料夾","id":"L_defaultdatabasefolder6"}]},"name":"L_Defaultdatabasefolder","displayName":"預設資料庫資料夾","explainText":"指定預設工作資料夾。","tags":["L_general5","L_ApplicationSettings","L_MicrosoftOfficeaccess"],"application":"access16","key":"software\\microsoft\\office\\16.0\\access\\settings"},{"parentCategory":{"ref":"L_Cryptography"},"supportedOn":{"ref":"windows:SUPPORTED_Windows7"},"elements":{"items":[{"valueName":"cipheralgorithm","required":true,"requiredSpecified":true,"expandableSpecified":false,"maxLength":2147483647,"maxLengthSpecified":false,"inputType":"textBox","caption":"CNG 加密演算法:","id":"L_SetCNGCipherAlgorithmID"}]},"name":"L_SetCNGCipherAlgorithm","displayName":"設定 CNG 加密演算法","explainText":"此原則設定允許您設定所使用的 CNG 加密演算法。\n\n如果啟用此原則設定，當提供的加密屬於受支援的演算法時，即會採用。\n\n如果停用或未設定此原則設定，則會使用 AES。","tags":["L_Cryptography","L_Security","L_ApplicationSettings","L_MicrosoftOfficeaccess"],"application":"access16","key":"software\\microsoft\\office\\16.0\\access\\security\\crypto"},{"parentCategory":{"ref":"L_Cryptography"},"supportedOn":{"ref":"windows:SUPPORTED_Windows7"},"elements":{"items":[{"item":[{"value":{"string":"ChainingModeCBC"},"displayName":"加密區塊鏈結 (CBC)"},{"value":{"string":"ChainingModeCFB"},"displayName":"加密回饋 (CFB)"}],"valueName":"cipherchaining","inputType":"dropdownList","id":"L_ConfigureCNGCipherChainingModeDropID"}]},"name":"L_ConfigureCNGCipherChainingMode","displayName":"設定 CNG 加密鏈結模式","explainText":"此原則設定允許您設定所使用的加密鏈結模式。\n\n如果啟用此原則設定，則會套用指定的加密鏈結模式。\n\n如果停用或未設定此原則設定，則會以加密區塊鏈結 (CBC) 做為預設的 CNG 加密鏈結模式來使用。","tags":["L_Cryptography","L_Security","L_ApplicationSettings","L_MicrosoftOfficeaccess"],"application":"access16","key":"software\\microsoft\\office\\16.0\\access\\security\\crypto"},{"parentCategory":{"ref":"L_Cryptography"},"supportedOn":{"ref":"windows:SUPPORTED_Windows7"},"elements":{"items":[{"valueName":"cipherkeybits","minValue":0,"minValueSpecified":true,"maxValue":1000000,"maxValueSpecified":true,"inputType":"decimalTextBox","caption":"加密金鑰長度","id":"L_SetCNGCipherKeyLengthSpinID"}]},"name":"L_SetCNGCipherKeyLength","displayName":"設定 CNG 加密金鑰長度","explainText":"此原則設定允許您設定建立加密金鑰時所使用的位元數目。此數目會四捨五入至 8 的倍數。\n\n如果啟用此原則設定，則會使用指定的金鑰位元數目。\n\n如果停用或未設定此原則設定，則會使用預設值。","tags":["L_Cryptography","L_Security","L_ApplicationSettings","L_MicrosoftOfficeaccess"],"application":"access16","key":"software\\microsoft\\office\\16.0\\access\\security\\crypto"},{"parentCategory":{"ref":"L_Cryptography"},"supportedOn":{"ref":"windows:SUPPORTED_Windows7"},"elements":{"items":[{"item":[{"value":{"decimal":{"value":0}},"displayName":"使用舊版格式"},{"value":{"decimal":{"value":1}},"displayName":"使用新一代格式"},{"value":{"decimal":{"value":2}},"displayName":"所有檔案以新一代格式儲存"}],"valueName":"compatmode","inputType":"dropdownList","id":"L_SpecifyEncryptionCompatibilityDropID"}]},"name":"L_SpecifyEncryptionCompatibility","displayName":"指定加密相容性","explainText":"此原則設定允許您指定加密資料庫的相容性。\n\n如果啟用此原則設定，當為新檔案加密時，會套用指定的相容性格式。\n- 使用舊版格式\n- 使用新一代格式\n- 所有檔案以新一代格式儲存\n\n如果停用或未設定此原則設定，則會套用預設設定 [使用新一代格式]。","tags":["L_Cryptography","L_Security","L_ApplicationSettings","L_MicrosoftOfficeaccess"],"application":"access16","key":"software\\microsoft\\office\\16.0\\access\\security\\crypto"},{"parentCategory":{"ref":"L_Cryptography"},"supportedOn":{"ref":"windows:SUPPORTED_Windows7"},"elements":{"items":[{"valueName":"context","required":true,"requiredSpecified":true,"expandableSpecified":false,"maxLength":2147483647,"maxLengthSpecified":false,"inputType":"textBox","caption":"參數","id":"L_SetParametersForCNGContextID"}]},"name":"L_SetParametersForCNGContext","displayName":"為 CNG 內容指定參數","explainText":"此原則設定允許您指定要用於 CNG 內容的加密參數。\n\n如果啟用此原則設定，則會將指定的參數傳遞到 CNG 內容。\n\n如果停用或未設定此原則設定，則會使用預設的 CNG 值。","tags":["L_Cryptography","L_Security","L_ApplicationSettings","L_MicrosoftOfficeaccess"],"application":"access16","key":"software\\microsoft\\office\\16.0\\access\\security\\crypto"},{"parentCategory":{"ref":"L_Cryptography"},"supportedOn":{"ref":"windows:SUPPORTED_Windows7"},"elements":{"items":[{"item":[{"value":{"string":"SHA1"},"displayName":"SHA1"},{"value":{"string":"SHA256"},"displayName":"SHA256"},{"value":{"string":"SHA384"},"displayName":"SHA384"},{"value":{"string":"SHA512"},"displayName":"SHA512"}],"valueName":"hashalgorithm","inputType":"dropdownList","id":"L_SpecifyCNGHashAlgorithmDropID"}]},"name":"L_SpecifyCNGHashAlgorithm","displayName":"指定 CNG 雜湊演算法","explainText":"此原則設定允許您指定所使用的雜湊演算法。\n\n如果啟用此原則設定，CNG 會使用選定的雜湊演算法。\n\n如果停用或未設定此原則設定，則會使用預設的 CNG 雜湊演算法。","tags":["L_Cryptography","L_Security","L_ApplicationSettings","L_MicrosoftOfficeaccess"],"application":"access16","key":"software\\microsoft\\office\\16.0\\access\\security\\crypto"},{"parentCategory":{"ref":"L_Cryptography"},"supportedOn":{"ref":"windows:SUPPORTED_Windows7"},"elements":{"items":[{"valueName":"passwordspincount","minValue":0,"minValueSpecified":true,"maxValue":10000000,"maxValueSpecified":true,"inputType":"decimalTextBox","id":"L_SetCNGPasswordSpinCountSpinID"}]},"name":"L_SetCNGPasswordSpinCount","displayName":"設定 CNG 密碼微調計數","explainText":"此原則設定允許您指定微調 (重新雜湊) 密碼檢查器的次數。\n\n如果啟用此原則設定，會以指定數字做為重新雜湊密碼的次數。\n\n如果停用或未設定此原則設定，則會使用預設值 (100000)。","tags":["L_Cryptography","L_Security","L_ApplicationSettings","L_MicrosoftOfficeaccess"],"application":"access16","key":"software\\microsoft\\office\\16.0\\access\\security\\crypto"},{"parentCategory":{"ref":"L_Cryptography"},"supportedOn":{"ref":"windows:SUPPORTED_Windows7"},"elements":{"items":[{"valueName":"rngalgorithm","required":true,"requiredSpecified":true,"expandableSpecified":false,"maxLength":2147483647,"maxLengthSpecified":false,"inputType":"textBox","caption":"亂數產生器:","id":"L_SpecifyCNGRandomNumberGeneratorAlgorithmID"}]},"name":"L_SpecifyCNGRandomNumberGeneratorAlgorithm","displayName":"指定 CNG 亂數產生器演算法","explainText":"此原則設定允許您設定所使用的 CNG 亂數產生器。\n\n如果啟用此原則設定，則會使用指定的亂數產生器。\n\n如果停用或未設定此原則設定，則會使用預設的亂數產生器。","tags":["L_Cryptography","L_Security","L_ApplicationSettings","L_MicrosoftOfficeaccess"],"application":"access16","key":"software\\microsoft\\office\\16.0\\access\\security\\crypto"},{"parentCategory":{"ref":"L_Cryptography"},"supportedOn":{"ref":"windows:SUPPORTED_Windows7"},"elements":{"items":[{"valueName":"saltbytes","minValue":0,"minValueSpecified":true,"maxValue":5000,"maxValueSpecified":true,"inputType":"decimalTextBox","caption":"位元組數目","id":"L_SpecifyCNGSaltLengthSpinID"}]},"name":"L_SpecifyCNGSaltLength","displayName":"指定 CNG Salt 長度","explainText":"此原則設定允許您設定所使用的 Salt 位元組數目。\n\n如果啟用此原則設定，則會使用指定的位元組數目。\n\n如果停用或未設定此原則設定，則會使用預設的長度或 16。","tags":["L_Cryptography","L_Security","L_ApplicationSettings","L_MicrosoftOfficeaccess"],"application":"access16","key":"software\\microsoft\\office\\16.0\\access\\security\\crypto"},{"parentCategory":{"ref":"L_TrustCenter"},"supportedOn":{"ref":"windows:SUPPORTED_Windows7"},"elements":{"items":[{"valueName":"maxtrusteddocuments","minValue":0,"minValueSpecified":true,"maxValue":20000,"maxValueSpecified":true,"inputType":"decimalTextBox","caption":"數目上限:","id":"L_SetMaximumNumberOfTrustedDocumentsSpinID"}]},"name":"L_SetMaximumNumberOfTrustedDocuments","displayName":"設定信任的文件數目上限","explainText":"此原則設定可讓您指定在執行清除工作之前，登錄中所能儲存之信任文件的信任記錄數目上限。清除工作會將儲存在登錄中的信任文件數目減少為「設定要保留的信任記錄數目上限」原則設定所設定的值。\n\n如果啟用此原則設定，您可以指定在執行清除工作之前要儲存在登錄中的信任文件數目上限，最多 20000 份文件。然而基於效能因素，我們不建議將此原則設定設為最高上限。\n\n如果停用或未設定此原則設定，在執行清除工作之前，登錄中所能儲存的信任文件數目上限是預設值 500。","tags":["L_TrustCenter","L_Security","L_ApplicationSettings","L_MicrosoftOfficeaccess"],"application":"access16","key":"software\\microsoft\\office\\16.0\\access\\security\\trusted documents"},{"parentCategory":{"ref":"L_TrustCenter"},"supportedOn":{"ref":"windows:SUPPORTED_Windows7"},"elements":{"items":[{"valueName":"maxpreservetrusteddocuments","minValue":0,"minValueSpecified":true,"maxValue":20000,"maxValueSpecified":true,"inputType":"decimalTextBox","caption":"保留的數目上限:","id":"L_SetMaximumNumberOfTrustRecordsToPreserveSpinID"}]},"name":"L_SetMaximumNumberOfTrustRecordsToPreserve","displayName":"設定要保留的信任記錄數目上限","explainText":"此原則設定允許您指定當清除工作偵測發現，此應用程式所信任的信任文件數目超過 [設定信任的文件數目上限] 原則設定所設定的數目時，應保留的信任記錄數目上限。\n\n如果啟用此原則設定，您可以指定要保留的信任記錄數目上限，最高可為 20000。但基於效能因素，不建議設定此數目做為上限。\n\n如果停用或未設定此原則設定，則會使用預設值 400。","tags":["L_TrustCenter","L_Security","L_ApplicationSettings","L_MicrosoftOfficeaccess"],"application":"access16","key":"software\\microsoft\\office\\16.0\\access\\security\\trusted documents"},{"parentCategory":{"ref":"L_TrustCenter"},"supportedOn":{"ref":"windows:SUPPORTED_Windows7"},"elements":{"items":[{"item":[{"value":{"decimal":{"value":2}},"displayName":"全部停用 (事先通知)"},{"value":{"decimal":{"value":3}},"displayName":"除了經數位簽章的巨集外，停用所有巨集"},{"value":{"decimal":{"value":4}},"displayName":"全部停用 (不事先通知)"},{"value":{"decimal":{"value":1}},"displayName":"啟用所有巨集 (不建議使用)"}],"valueName":"vbawarnings","inputType":"dropdownList","id":"L_Empty"},{"trueValue":{"decimal":{"value":1}},"falseValue":{"decimal":{"value":0}},"valueName":"vbadigsigtrustedpublishers","key":"software\\microsoft\\office\\16.0\\access\\security","inputType":"checkBox","caption":"要求巨集必須由受信任的發行者簽署","id":"L_VBADigSigTrustedPublishersStr"},{"trueValue":{"decimal":{"value":1}},"falseValue":{"decimal":{"value":0}},"valueName":"vbarequirelmtrustedpublisher","key":"software\\microsoft\\office\\16.0\\access\\security","inputType":"checkBox","caption":"封鎖來自僅安裝於目前使用者憑證存放區中的受信任發行者憑證","id":"L_VBAOnlyAllowLMTrustedPublisherStr"},{"trueValue":{"decimal":{"value":1}},"falseValue":{"decimal":{"value":0}},"valueName":"vbarequiredigsigwithcodesigningeku","key":"software\\microsoft\\office\\16.0\\access\\security","inputType":"checkBox","caption":"需要擴充金鑰使用方法 (EKU) 取得之來自受信任發行者的憑證","id":"L_VBAOnlyAllowDigSigWithCodeSigningEKUStr"}]},"name":"L_VBAWarningsPolicy","displayName":"VBA 巨集通知設定","explainText":"此原則設定可控制指定的應用程式在顯示 Visual Basic for Applications (VBA) 巨集存在時警告使用者的方式。\n\n如果啟用此原則設定，有四個選項可以選擇，以判斷指定的應用程式如何向使用者發出巨集相關警告: \n \n- [全部停用 (事前通知)]: 無論巨集是否已經過簽署，應用程式都會針對所有巨集顯示 [信任列]。此選項會強制套用 Office 中的預設設定。\n \n- [除了經數位簽署的巨集外，停用所有巨集]: 應用程式會針對經過數位簽署的巨集顯示信任列，允許使用者啟用巨集或保持停用。任何未經簽署的巨集都將一律停用，而且使用者不會收到通知。\n \n- [全部停用 (不事先通知)]: 無論巨集是否經過簽署，應用程式一律停用所有巨集，且不會通知使用者。\n \n- [啟用所有巨集] (不建議使用): 巨集無論是否經過簽署，一律啟用。此選項可能會允許危險程式未受偵測執行，從而大大降低安全性。\n \n如果停用此原則設定，預設設定將為 [全部停用 (事先通知)] 將會是預設的設定。\n \n如果未設定此原則設定，則使用者在指定的應用程式中開啟內含 VBA 巨集的檔案時，應用程式會開啟檔案並停用巨集，然後顯示 [信任列]，警告您有巨集且已遭停用。使用者可以視需要檢查及編輯檔案，但不能使用任何已停用的功能，直到使用者按一下 [信任列] 上的 [啟用內容] 來啟用內容為止。如果使用者按一下 [啟用內容]，則文件就會新增為信任的文件。\n \n如果選取 [除了經數位簽署的巨集外，停用所有巨集] 核取方塊，建議您同時選取 [需由受信任的發行者簽署巨集] 核取方塊，以協助提升安全性。\n\n如果選取 [需由受信任的發行者簽署巨集] 核取方塊，使用者開啟含有數位簽署之巨集但未經受信任發行者簽署的檔案，將會收到禁止執行巨集的通知。另外還有兩個建議您選取的核取方塊，以協助提升安全性。\n\n -[封鎖來自安裝於目前使用者憑證存放區中的受信任發行者憑證]\n\n- [需要擴充金鑰使用方法 (EKU) 取得之來自受信任發行者的憑證]\n\n注意: 只有已選取 [需由受信任的發行者簽署巨集] 核取方塊，才會套用這兩個核取方塊。\n\n注意: 三個核取方塊都僅適用於版本 2012 及更新版的 Office 和 Visio。不適用於 Office 2016 或 Office 2019。\n\n如果選取 [封鎖來自安裝於本機電腦存放區中的受信任發行者憑證] 核取方塊，則當有來自安裝於目前使用者憑證存放區中的受信任發行者憑證時，便不會執行巨集。若要執行巨集，憑證必須是儲存在本機電腦憑證存放區中。只有具備該電腦系統管理員存取權的帳戶才能在本機電腦憑證存放區中安裝憑證。\n\n如果選取 [需要擴充金鑰使用方法 (EKU) 取得之來自受信任發行者的憑證] 核取方塊，EKU 必須包含 [程式碼簽署] 作為其中一種憑證使用。\n\n重要事項: 如果選取 [除了經數位簽章的巨集外，停用所有巨集]，使用者將無法開啟未簽署的 Access 資料庫。\n\n另請注意，Microsoft Office 會將受信任發行者的憑證儲存在 Internet Explorer 信任的發行者存放區。舊版 Microsoft Office 則是將受信任發行者的憑證資訊 (尤其是憑證指紋) 儲存在特別的 Office 信任的發行者存放區。Microsoft Office 仍可讀取 Office 信任的發行者存放區中的受信任發行者憑證資訊，但不會將資訊寫入此存放區。\n\n因此，如果您在舊版 Microsoft Office 中建立受信任發行者的清單，然後升級到 Office，系統仍可辨識該受信任發行者的清單。但是，您之後新增至該清單的任何受信任發行者憑證，都將儲存到 Internet Explorer 信任的發行者存放區。","tags":["L_TrustCenter","L_Security","L_ApplicationSettings","L_MicrosoftOfficeaccess"],"application":"access16","key":"software\\microsoft\\office\\16.0\\access\\security"},{"parentCategory":{"ref":"L_TrustCenter"},"supportedOn":{"ref":"windows:SUPPORTED_Windows7"},"enabledValue":{"decimal":{"value":1}},"disabledValue":{"decimal":{"value":0}},"name":"L_BlockMacroExecutionFromInternet","displayName":"封鎖來自網際網路之 Office 檔案中的巨集，使其無法執行","explainText":"\n        此原則設定可讓您封鎖巨集在來自網際網路的 Office 檔案中執行。\n\n        如果啟用這個原則設定，即使已選取 [信任中心] 之 [巨集設定] 區段中的 [啟用所有巨集]，仍會封鎖執行巨集。使用者會收到已封鎖執行巨集的通知。\n\n        可允許執行巨集的例外狀況為:\n        - Office 檔案已儲存至信任的位置。\n        - 使用者先前已信任該 Office 檔案。\n        - 巨集有數位簽章且在裝置上已安裝相符之受信任的發行者憑證。\n\n        如果停用此原則設定，在 [信任中心] 之 [巨集設定] 區段中的設定會決定巨集是否可在來自網際網路的 Office 檔案中執行。\n\n        若未設定此原則設定，則會封鎖執行巨集。使用者會收到告知他們來自網際網路之巨集的安全性風險，並隨附連結以供深入了解。\n\n        如需更多資訊，請參閱 https://go.microsoft.com/fwlink/p/?linkid=2185771。\n      ","tags":["L_TrustCenter","L_Security","L_ApplicationSettings","L_MicrosoftOfficeaccess"],"application":"access16","key":"software\\microsoft\\office\\16.0\\access\\security","valueName":"blockcontentexecutionfrominternet"},{"parentCategory":{"ref":"L_TrustCenter"},"supportedOn":{"ref":"windows:SUPPORTED_Windows7"},"enabledValue":{"decimal":{"value":1}},"disabledValue":{"decimal":{"value":0}},"name":"L_TurnOffTrustedDocumentsOnTheNetwork","displayName":"關閉網路上信任的文件","explainText":"此原則設定可讓您針對網路所開啟的文件，關閉其信任的文件功能。\n\n如果啟用此原則設定，使用者必定會看見網路開啟的文件之主動式內容 (例如巨集、ActiveX 控制項、資料連線等) 的安全性通知。\n\n如果停用或未設定此原則設定，則使用者可利用信任的文件功能，一律允許文件中的主動式內容 (例如巨集、ActiveX 控制項、資料連線等) ，如此一來，使用者在下一次開啟文件時就不會看見提示。信任的文件也不會收到安全性通知。","tags":["L_TrustCenter","L_Security","L_ApplicationSettings","L_MicrosoftOfficeaccess"],"application":"access16","key":"software\\microsoft\\office\\16.0\\access\\security\\trusted documents","valueName":"disablenetworktrusteddocuments"},{"parentCategory":{"ref":"L_TrustCenter"},"supportedOn":{"ref":"windows:SUPPORTED_Windows7"},"enabledValue":{"decimal":{"value":1}},"disabledValue":{"decimal":{"value":0}},"name":"L_Disableallapplicationextensions","displayName":"停用所有應用程式增益集","explainText":"此原則設定可停用所指定 Office 2016 應用程式的所有增益集。\n\n如果您啟用此原則設定，會停用所指定 Office 2016 應用程式的所有增益集。\n\n如果您停用或未設定此原則設定，則允許執行所指定 Office 2016 應用程式的所有增益集，而且不會通知使用者。","tags":["L_TrustCenter","L_Security","L_ApplicationSettings","L_MicrosoftOfficeaccess"],"application":"access16","key":"software\\microsoft\\office\\16.0\\access\\security","valueName":"disablealladdins"},{"parentCategory":{"ref":"L_TrustCenter"},"supportedOn":{"ref":"windows:SUPPORTED_Windows7"},"enabledValue":{"decimal":{"value":1}},"disabledValue":{"decimal":{"value":0}},"name":"L_RequirethatApplicationExtensionsaresigned","displayName":"應用程式增益集必須經過信任的發行者簽署","explainText":"此原則設定可控制此應用程式的增益集是否必須經由信任的發行者數位簽署。\n\n如果您啟用此原則設定，則該應用程式在載入每個增益集前，會先檢查其數位簽章。如果增益集沒有數位簽章，或簽章並非來自信任的發行者，則該應用程式會停用增益集並通知使用者。如果您要求所有的增益集都必須經過信任的發行者簽署，即必須將這些憑證新增至 [受信任的發行者] 清單。如需取得及分配憑證的詳細資料，請參閱 http://go.microsoft.com/fwlink/?LinkId=294922。Office 2016 將信任發行者的憑證儲存在 Internet Explorer 信任發行者存放區中。在舊版 Microsoft Office 中，信任發行者的憑證資訊 (尤其是憑證指紋) 是儲存在一個特別的 Office 信任發行者存放區。Office 2016 仍可從 Office 信任發行者存放區讀取信任的發行者憑證資訊，但不會將資訊寫入這個存放區。因此，如果您在舊版 Office 上建立了信任發行者清單，然後升級到 Office 2016，系統仍可辨識您的信任發行者清單。不過您新增至清單的任何信任發行者憑證，都將儲存在 Internet Explorer 信任發行者存放區中。有關信任發行者的詳細資訊，請參閱 Office Resource Kit。\n\n如果您停用或未設定此原則設定，該應用程式就不會在開啟應用程式增益集前檢查其數位簽章。若載入危險的增益集，就可能會危害使用者的電腦或資料安全性。","tags":["L_TrustCenter","L_Security","L_ApplicationSettings","L_MicrosoftOfficeaccess"],"application":"access16","key":"software\\microsoft\\office\\16.0\\access\\security","valueName":"requireaddinsig"},{"parentCategory":{"ref":"L_TrustCenter"},"supportedOn":{"ref":"windows:SUPPORTED_Windows7"},"enabledValue":{"decimal":{"value":1}},"disabledValue":{"decimal":{"value":0}},"name":"L_DisableTrustBarNotificationforunsigned","displayName":"停用未簽署應用程式增益集的信任列通知，並封鎖它們","explainText":"此原則設定可控制當載入未簽署的應用程式增益集時，是否讓指定的 Office 應用程式通知使用者，還是無訊息停用此類增益集而不通知。只有在啟用 [應用程式增益集必須經過信任的發行者簽署] 原則設定 (以防止使用者變更此原則設定) 的情況下，才能套用此原則設定。\n\n如果啟用此原則設定，應用程式將自動停用未簽署的增益集，並且不會通知使用者。\n \n如果停用此原則設定，則當應用程式的設定要求所有增益集必須經過信任的發行者簽署時，將會停用應用程式載入的任何未簽署的增益集，且應用程式將在使用中視窗頂端顯示信任列。信任列包含一則訊息，通知使用者關於未簽署的增益集。\n\n如果不設定此原則設定，就會套用停用行為，另外使用者可在 [信任中心] 的 [增益集] 類別中，針對應用程式自行設定此需求。","tags":["L_TrustCenter","L_Security","L_ApplicationSettings","L_MicrosoftOfficeaccess"],"application":"access16","key":"software\\microsoft\\office\\16.0\\access\\security","valueName":"notbpromptunsignedaddin"},{"parentCategory":{"ref":"L_TrustCenter"},"supportedOn":{"ref":"windows:SUPPORTED_Windows7"},"enabledValue":{"decimal":{"value":1}},"disabledValue":{"decimal":{"value":0}},"name":"L_TurnOffTrustedDocuments","displayName":"關閉信任的文件","explainText":"此原則設定可讓您關閉信任的文件功能。使用者可利用信任的文件功能，在文件中永遠啟用主動式內容 (例如巨集、ActiveX 控制項、資料連線等)，如此當使用者下一次開啟文件時，畫面就不會出現提示。信任的文件不會收到安全性通知。\n\n如果啟用此原則設定，您將關閉信任的文件功能。每當使用者開啟內含主動式內容的文件時，就會收到安全性提示。\n\n如果停用或未設定此原則設定，則當使用者啟用文件的內容時，系統將信任該文件，使用者也不會收到安全性提示。","tags":["L_TrustCenter","L_Security","L_ApplicationSettings","L_MicrosoftOfficeaccess"],"application":"access16","key":"software\\microsoft\\office\\16.0\\access\\security\\trusted documents","valueName":"disabletrusteddocuments"},{"parentCategory":{"ref":"L_TrustedLocations"},"supportedOn":{"ref":"windows:SUPPORTED_Windows7"},"enabledValue":{"decimal":{"value":1}},"disabledValue":{"decimal":{"value":0}},"name":"L_AllowTrustedLocationsOnTheNetwork","displayName":"允許網路上的信任位置","explainText":"此原則設定可控制是否可使用網路上的信任位置。\n      \n如果啟用此原則設定，使用者就可以在 [信任中心] 的 [信任位置] 區段中選取 [允許我的網路上之信任位置 (不建議使用)] 核取方塊，以便在網路共用上指定信任位置，或在其未直接控制的其他遠端位置中指定信任位置。允許內容、程式碼和增益集以最低限度的安全性由信任位置載入，且不會提示使用者以取得同意。\n\n如果停用或未設定此原則設定，則選取的應用程式將忽略 [信任中心] 的 [信任位置] 區段所列出的任何網路位置。停用此原則設定不會刪除信任位置清單的任何網路位置。相反地，它可強制選取的應用程式將位置視為不信任，並防止使用者在清單中新增網路位置。\n\n如果您同時經由 [群組原則] 部署信任位置，則應該確認其中是否有任何遠端位置。如果有任何遠端位置，而且您不允許經由此原則設定的遠端位置，則將在用戶端電腦上忽略那些指向遠端位置的原則機碼。\n\n停用此原則設定時，將對那些將網路位置新增至信任位置清單的使用者造成困擾。然而，正如同 [允許我的網路上之信任位置 (不建議使用)] 核取方塊所聲明，並不建議您啟用此原則設定，所以實際上在多數情況下還是可以停用此原則設定，而不會對多數使用者造成重大的使用性問題。\n","tags":["L_TrustedLocations","L_TrustCenter","L_Security","L_ApplicationSettings","L_MicrosoftOfficeaccess"],"application":"access16","key":"software\\microsoft\\office\\16.0\\access\\security\\trusted locations","valueName":"allownetworklocations"},{"parentCategory":{"ref":"L_TrustedLocations"},"supportedOn":{"ref":"windows:SUPPORTED_Windows7"},"enabledValue":{"decimal":{"value":1}},"disabledValue":{"decimal":{"value":0}},"name":"L_DisableTrustedLoc","displayName":"停用所有信任位置","explainText":"此原則設定可讓管理員停用指定應用程式中所有的信任位置。信任中心所指定的信任位置是用來定義假設為安全的檔案位置。內容、程式碼和增益集可以在最低限度的安全性下從信任位置載入，而不要求使用者具備權限。如果從信任位置開啟危險的檔案，該檔案將不受標準安全性措施的規範，因而可能會傷害使用者的電腦或資料。\n      \n如果您啟用此原則設定，則會略過指定應用程式中所有的信任位置 (信任中心所指定的位置)，包括 Office 2016 在安裝期間所建立的任何信任位置、使用 [群組原則] 為使用者部署的信任位置，或是使用者自行新增的信任位置。當使用者從信任位置開啟檔案時，系統會再次提示使用者。\n\n如果您停用或未設定此原則設定，則系統會假設指定應用程式中所有的信任位置 (信任中心所指定的位置) 都是安全的。","tags":["L_TrustedLocations","L_TrustCenter","L_Security","L_ApplicationSettings","L_MicrosoftOfficeaccess"],"application":"access16","key":"software\\microsoft\\office\\16.0\\access\\security\\trusted locations","valueName":"alllocationsdisabled"},{"parentCategory":{"ref":"L_Miscellaneous"},"supportedOn":{"ref":"windows:SUPPORTED_Windows7"},"elements":{"items":[{"item":[{"value":{"decimal":{"value":12}},"displayName":"Access 2007"},{"value":{"decimal":{"value":10}},"displayName":"Access 2002-2003"},{"value":{"decimal":{"value":9}},"displayName":"Access 2000"}],"valueName":"default file format","inputType":"dropdownList","id":"L_empty87"}]},"name":"L_DefaultFileFormat","displayName":"預設檔案格式","explainText":"此原則設定可控制新資料庫檔案要以新的 Access 格式建立，還是要以舊版 Access 所使用的格式建立。\n      \n如果您啟用此原則設定，則可以指定新資料庫檔案要以 Access 2016 的預設格式建立，還是要以 Access 2002--2003 的格式建立。使用者儲存檔案時仍可覆寫預設值，並選取特定格式，但無法從 [Access 選項] 對話方塊自行設定預設值。\n      \n如果您停用或未設定此原則設定，則當使用者建立新資料庫檔案時，Access 會以新的 Access 2016 格式儲存檔案，但使用者可從 [Access 選項] | [常用] | [建立資料庫] 下的 [預設檔案格式] 下拉式清單中選取一個檔案格式來變更這項功能。注意: 如果您停用此原則設定，使用者可從三種預設的檔案格式選擇 : Access 2000、Access 2002--2003 和 Access 2016。您可以使用此原則設定，指定 Access 2002--2003 或 Access 2016 格式作為預設值，而不使用 Access 2000 格式作為預設值。","tags":["L_Miscellaneous","L_MicrosoftOfficeaccess"],"application":"access16","key":"software\\microsoft\\office\\16.0\\access\\settings"},{"parentCategory":{"ref":"L_Miscellaneous"},"supportedOn":{"ref":"windows:SUPPORTED_Windows7"},"enabledValue":{"decimal":{"value":1}},"disabledValue":{"decimal":{"value":0}},"name":"L_Donotprompttoconvertolderdatabases","displayName":"不要提示轉換較舊的資料庫","explainText":"此原則設定可控制 Access 是否在開啟資料庫時提示使用者轉換較舊的資料庫。\n      \n如果啟用此原則設定，則 Access 會保留 Access 97 格式的資料庫。Access 會通知使用者資料庫是較舊的格式，但無法提供使用者轉換資料庫的選項。Access 新版本所引入的部分功能無法使用，且使用者將無法對資料庫做出任何設計變更。\n      \n如果您停用或未設定此原則設定，則當使用者開啟以 Access 97 檔案格式建立的資料庫時，Access 會提示使用者將資料庫轉換成較新的檔案格式。使用者可選擇轉換資料庫或保留舊有格式。","tags":["L_Miscellaneous","L_MicrosoftOfficeaccess"],"application":"access16","key":"software\\microsoft\\office\\16.0\\access\\settings","valueName":"noconvertdialog"},{"parentCategory":{"ref":"L_Miscellaneous"},"supportedOn":{"ref":"windows:SUPPORTED_Windows7"},"enabledValue":{"decimal":{"value":1}},"disabledValue":{"decimal":{"value":0}},"name":"L_2007CompatibleCachePolicy","displayName":"使用 Access 2007 相容快取","explainText":"此原則設定允許您強制新的和現有的資料庫使用快取相容的 Access 2007。\n\n如果啟用此原則設定，新的和現有的資料庫會使用與 Access 2007 相容的快取。\n\n如果停用或未設定此原則設定，新資料庫會預設為使用與 Access 2007 不相容的快取。現有的資料庫將使用建立這些資料庫時所使用的快取模式。\n","tags":["L_Miscellaneous","L_MicrosoftOfficeaccess"],"application":"access16","key":"software\\microsoft\\office\\16.0\\access\\settings","valueName":"use2007compatiblecache"},{"parentCategory":{"ref":"L_Miscellaneous"},"supportedOn":{"ref":"windows:SUPPORTED_Windows7"},"enabledValue":{"decimal":{"value":1}},"disabledValue":{"decimal":{"value":0}},"name":"L_ClearCacheOnClosePolicy","displayName":"關閉時清除快取","explainText":"此原則設定可讓您在關閉資料庫時，強制清除與 Access 2016 不相容的資料庫快取。\n\n如果您啟用此原則設定，則未使用 Access 2016 相容快取的資料庫關閉時，所有快取的 Microsoft SharePoint 或商務資料目錄 (BDC) 連結都會全部清除。如果資料庫使用的是 Access 2016 相容快取，那麼啟用此原則設定並不會有任何作用。\n\n如果您停用或未設定此原則設定，則未使用 Access 2016 相容快取的資料庫關閉時，不會清除任何快取的 Microsoft SharePoint 或商務資料目錄 (BDC) 連結。如果資料庫使用的是 Access 2016 相容快取，那麼停用或未設定此原則設定時，並不會有任何作用。","tags":["L_Miscellaneous","L_MicrosoftOfficeaccess"],"application":"access16","key":"software\\microsoft\\office\\16.0\\access\\settings","valueName":"clearcacheonclose"},{"parentCategory":{"ref":"L_Miscellaneous"},"supportedOn":{"ref":"windows:SUPPORTED_Windows7"},"enabledValue":{"decimal":{"value":1}},"disabledValue":{"decimal":{"value":0}},"name":"L_NeverCachePolicy","displayName":"永遠不快取資料","explainText":"此原則設定可讓您強制未使用 Access 2016 相容快取的資料庫不快取任何資料。\n\n如果您啟用此原則設定，則未使用 Access 2016 相容快取的資料庫將不會快取 Microsoft SharePoint 或商務資料目錄 (BDC) 的資料。如果資料庫使用的是 Access 2016 相容快取，那麼啟用此原則設定並不會有任何作用。\n\n如果您停用或未設定此原則設定，則未使用 Access 2016 相容快取的資料庫就會快取 Microsoft SharePoint 或商務資料目錄 (BDC) 的資料。如果資料庫使用的是 Access 2016 相容快取，那麼停用或未設定此原則設定並不會有任何作用。","tags":["L_Miscellaneous","L_MicrosoftOfficeaccess"],"application":"access16","key":"software\\microsoft\\office\\16.0\\access\\settings","valueName":"nevercache"},{"parentCategory":{"ref":"L_Miscellaneous"},"supportedOn":{"ref":"windows:SUPPORTED_Windows7"},"elements":{"items":[{"valueName":"personaltemplatesaccess","requiredSpecified":false,"expandable":true,"expandableSpecified":true,"maxLength":2147483647,"maxLengthSpecified":false,"inputType":"textBox","caption":"個人範本路徑","id":"L_PersonalTemplatesPath"}]},"name":"L_PersonalTemplatesPath","displayName":"Access 的個人範本路徑","explainText":"此原則設定可指定使用者個人範本的位置。\n\n如果您啟用此原則設定，使用者在 Office 開始畫面及 [檔案] | [新增] 的自訂範本索引標籤中，會看到其已儲存在指定位置內的所有範本，而且在儲存範本時，其預設資料夾會變更為指定的位置。\n\n如果您停用或未設定此原則設定，使用者在 Office 開始畫面及 [檔案] | [新增] 的自訂範本索引標籤中，便不會看到其已儲存的範本，而且在儲存範本時，其預設資料夾就會是其文件儲存位置。","tags":["L_Miscellaneous","L_MicrosoftOfficeaccess"],"application":"access16","key":"software\\microsoft\\office\\16.0\\access\\settings"},{"parentCategory":{"ref":"L_Miscellaneous"},"supportedOn":{"ref":"windows:SUPPORTED_Windows7"},"enabledValue":{"decimal":{"value":1}},"disabledValue":{"decimal":{"value":0}},"name":"L_DefaultCustomTab","displayName":"預設在 Access 的 Office 開始畫面及 [檔案] | [新增] 中顯示自訂範本索引標籤","explainText":"此原則設定可控制在 Access 的 Office 開始畫面及 [檔案] | [新增] 中是否顯示自訂範本 (如果有的話) 作為預設索引標籤。 \n\n如果您啟用此原則設定，而且有範本時  (包括自訂 XML 程式化範本、[工作群組] 範本路徑中的範本、[個人] 範本路徑中的範本，或是 SharePoint 範本)，使用者在 Access 的 Office 開始畫面及 [檔案] | [新增] 中會看到預設索引標籤為自訂範本索引標籤。\n\n如果您停用或未設定此原則設定，則除非所有 Office 提供的範本全部停用，否則使用者在 Access 的 Office 開始畫面及 [檔案] | [新增] 中會看到預設索引標籤為 [特色] 範本索引標籤。","tags":["L_Miscellaneous","L_MicrosoftOfficeaccess"],"application":"access16","key":"software\\microsoft\\office\\16.0\\access\\settings","valueName":"officestartdefaulttab"},{"parentCategory":{"ref":"L_Advanced"},"supportedOn":{"ref":"windows:SUPPORTED_Windows_10"},"enabledList":[{"value":{"string":"true"},"valueName":"Microsoft.Office.UXPlatform.FluentSVRefresh"},{"value":{"string":"true"},"valueName":"Microsoft.Office.UXPlatform.RibbonTouchOptimization"},{"value":{"string":"true"},"valueName":"Microsoft.Office.UXPlatform.FluentSVRibbonOptionsMenu"}],"disabledList":[{"value":{"string":"false"},"valueName":"Microsoft.Office.UXPlatform.FluentSVRefresh"},{"value":{"string":"false"},"valueName":"Microsoft.Office.UXPlatform.RibbonTouchOptimization"},{"value":{"string":"false"},"valueName":"Microsoft.Office.UXPlatform.FluentSVRibbonOptionsMenu"}],"name":"L_accessVisualRefresh","displayName":"Visual refresh 設定","explainText":"設定是否開啟 Visual refresh。可能對某些版本的 Office 無效。\n\n資料由 Office Tool Plus 提供。","tags":["L_Advanced"],"application":"access16","key":"Software\\Microsoft\\Office\\16.0\\Common\\ExperimentConfigs\\ExternalFeatureOverrides\\access"}]}