{"categories":[{"name":"L_MicrosoftOfficeOneNote","displayName":"Microsoft OneNote 2016"},{"parentCategory":{"ref":"L_MicrosoftOfficeOneNote"},"name":"L_OneNoteOptions","displayName":"OneNote-Optionen"},{"parentCategory":{"ref":"L_OneNoteOptions"},"name":"L_Display","displayName":"Anzeigen"},{"parentCategory":{"ref":"L_OneNoteOptions"},"name":"L_Editing","displayName":"Bearbeiten"},{"parentCategory":{"ref":"L_OneNoteOptions"},"name":"L_Pen","displayName":"Stift"},{"parentCategory":{"ref":"L_OneNoteOptions"},"name":"L_Email","displayName":"E-Mail"},{"parentCategory":{"ref":"L_OneNoteOptions"},"name":"L_Security","displayName":"Sicherheit"},{"parentCategory":{"ref":"L_Security"},"name":"L_Cryptography","displayName":"Kryptografie"},{"parentCategory":{"ref":"L_OneNoteOptions"},"name":"L_NoteFlags","displayName":"Notizkennzeichen"},{"parentCategory":{"ref":"L_OneNoteOptions"},"name":"L_AudioandVideo","displayName":"Audio und Video"},{"parentCategory":{"ref":"L_OneNoteOptions"},"name":"L_Save","displayName":"Speichern"},{"parentCategory":{"ref":"L_OneNoteOptions"},"name":"L_Password","displayName":"Kennwort"},{"parentCategory":{"ref":"L_OneNoteOptions"},"name":"L_Backup","displayName":"Sichern"},{"parentCategory":{"ref":"L_OneNoteOptions"},"name":"L_SendToOneNote","displayName":"An OneNote senden"},{"parentCategory":{"ref":"L_OneNoteOptions"},"name":"L_Addins","displayName":"Add-Ins"},{"parentCategory":{"ref":"L_OneNoteOptions"},"name":"L_Spelling","displayName":"Rechtschreibung"},{"parentCategory":{"ref":"L_OneNoteOptions"},"name":"L_VersionsAndRecyleBin","displayName":"Versionen und Papierkorb"},{"parentCategory":{"ref":"L_OneNoteOptions"},"name":"L_Other","displayName":"Weitere"}],"policies":[{"parentCategory":{"ref":"L_Display"},"supportedOn":{"ref":"windows:SUPPORTED_Windows7"},"elements":{"items":[{"item":[{"value":{"decimal":{"value":0}},"displayName":"Rechts"},{"value":{"decimal":{"value":1}},"displayName":"Links"}],"valueName":"pagetabsonleft","inputType":"dropdownList","caption":"Speicherort des Seitenregister-Steuerelements angeben:","id":"L_Specifylocationofthepagetabcontrol"}]},"name":"L_Pagetabsappearontheleft","displayName":"Seitenregister links","explainText":"Rechts: Deaktiviert die Option \"Seitenregister links\". | Links: Aktiviert die Option \"Seitenregister links\".","tags":["L_Display","L_OneNoteOptions","L_MicrosoftOfficeOneNote"],"application":"onent16","key":"software\\microsoft\\office\\16.0\\onenote\\options\\other"},{"parentCategory":{"ref":"L_Display"},"supportedOn":{"ref":"windows:SUPPORTED_Windows7"},"enabledValue":{"decimal":{"value":1}},"disabledValue":{"decimal":{"value":0}},"name":"L_Verticalscrollbarappearsonleft","displayName":"Vertikale Scrollleiste wird links angezeigt","explainText":"Aktiviert/deaktiviert die entsprechende Benutzeroberflächenoption.","tags":["L_Display","L_OneNoteOptions","L_MicrosoftOfficeOneNote"],"application":"onent16","key":"software\\microsoft\\office\\16.0\\onenote\\options\\other","valueName":"vertscrollbaronleft"},{"parentCategory":{"ref":"L_Display"},"supportedOn":{"ref":"windows:SUPPORTED_Windows7"},"enabledValue":{"decimal":{"value":1}},"disabledValue":{"decimal":{"value":0}},"name":"L_ShowNoteContainers","displayName":"Notizencontainer anzeigen","explainText":"Aktiviert/deaktiviert die entsprechende Benutzeroberflächenoption.","tags":["L_Display","L_OneNoteOptions","L_MicrosoftOfficeOneNote"],"application":"onent16","key":"software\\microsoft\\office\\16.0\\onenote\\options\\other","valueName":"shownotecontainers"},{"parentCategory":{"ref":"L_Display"},"supportedOn":{"ref":"windows:SUPPORTED_Windows7"},"enabledValue":{"decimal":{"value":0}},"disabledValue":{"decimal":{"value":1}},"name":"L_Navigationbarappearsontheright","displayName":"Navigationsleiste wird rechts angezeigt","explainText":"Mit dieser Option geben Sie die Position der Navigationsleiste an.","tags":["L_Display","L_OneNoteOptions","L_MicrosoftOfficeOneNote"],"application":"onent16","key":"software\\microsoft\\office\\16.0\\onenote\\options\\other","valueName":"navbaronleft"},{"parentCategory":{"ref":"L_Editing"},"supportedOn":{"ref":"windows:SUPPORTED_Windows7"},"enabledValue":{"decimal":{"value":0}},"disabledValue":{"decimal":{"value":1}},"name":"L_TurnOffLinkCreationWith","displayName":"Linkerstellung mithilfe von [[ ]] deaktivieren","explainText":"Diese Richtlinieneinstellung ermöglicht Ihnen die Deaktivierung der Linerstellung mithilfe von [[ ]]. In OneNote können Benutzer Links automatisch erstellen, indem Sie einen Ausdruck in [[ ]] einschließen. OneNote erstellt dann automatisch eine neue Seite in diesem Bereich sowie einen Link zu diesem Text.\n\nWenn Sie diese Richtlinieneinstellung aktivieren, können Benutzer nicht mithilfe von [[ ]] einen Link und eine neue Seite erstellen.\n\nWenn Sie diese Richtlinieneinstellung deaktivieren oder nicht konfigurieren, erstellt OneNote automatisch Links, wenn Benutzer [[ ]] verwenden.","tags":["L_Editing","L_OneNoteOptions","L_MicrosoftOfficeOneNote"],"application":"onent16","key":"software\\microsoft\\office\\16.0\\onenote\\options\\editing","valueName":"wikilink"},{"parentCategory":{"ref":"L_Editing"},"supportedOn":{"ref":"windows:SUPPORTED_Windows7"},"enabledValue":{"decimal":{"value":0}},"disabledValue":{"decimal":{"value":1}},"name":"L_Turnoffautocalculator","displayName":"Automatische Berechnung deaktivieren","explainText":"Mit dieser Option wird die automatische Berechnungsfunktionalität aktiviert/deaktiviert.","tags":["L_Editing","L_OneNoteOptions","L_MicrosoftOfficeOneNote"],"application":"onent16","key":"software\\microsoft\\office\\16.0\\onenote\\options\\editing","valueName":"autocalculate"},{"parentCategory":{"ref":"L_Editing"},"supportedOn":{"ref":"windows:SUPPORTED_Windows7"},"enabledValue":{"decimal":{"value":1}},"disabledValue":{"decimal":{"value":0}},"name":"L_ShowPasteOptionsbuttons","displayName":"Schaltflächen für Einfügeoptionen anzeigen","explainText":"Aktiviert/deaktiviert die entsprechende Benutzeroberflächenoption.","tags":["L_Editing","L_OneNoteOptions","L_MicrosoftOfficeOneNote"],"application":"onent16","key":"software\\microsoft\\office\\16.0\\onenote\\options\\other","valueName":"pasteooui"},{"parentCategory":{"ref":"L_Editing"},"supportedOn":{"ref":"windows:SUPPORTED_Windows7"},"enabledValue":{"decimal":{"value":1}},"disabledValue":{"decimal":{"value":0}},"name":"L_AutoNumberingRecognition","displayName":"Automatische Nummerierungserkennung","explainText":"Aktiviert/deaktiviert die Option \"Listen automatisch nummerieren\".","tags":["L_Editing","L_OneNoteOptions","L_MicrosoftOfficeOneNote"],"application":"onent16","key":"software\\microsoft\\office\\16.0\\onenote\\options\\editing","valueName":"numbering auto reco"},{"parentCategory":{"ref":"L_Editing"},"supportedOn":{"ref":"windows:SUPPORTED_Windows7"},"enabledValue":{"decimal":{"value":1}},"disabledValue":{"decimal":{"value":0}},"name":"L_AutoBulletRecognition","displayName":"Automatische Aufzählungszeichenerkennung","explainText":"Aktiviert/deaktiviert die Option \"Listen automatisch mit Aufzählungszeichen formatieren\".","tags":["L_Editing","L_OneNoteOptions","L_MicrosoftOfficeOneNote"],"application":"onent16","key":"software\\microsoft\\office\\16.0\\onenote\\options\\editing","valueName":"bullet auto reco"},{"parentCategory":{"ref":"L_Editing"},"supportedOn":{"ref":"windows:SUPPORTED_Windows7"},"elements":{"items":[{"valueName":"defaultfontface","requiredSpecified":false,"expandableSpecified":false,"maxLength":2147483647,"maxLengthSpecified":false,"inputType":"textBox","caption":"Schriftart:","id":"L_Font"}]},"name":"L_DefaultFontName","displayName":"Standardschriftart","explainText":"Gibt den Wert in der Option \"Schriftart\" an.","tags":["L_Editing","L_OneNoteOptions","L_MicrosoftOfficeOneNote"],"application":"onent16","key":"software\\microsoft\\office\\16.0\\onenote\\options\\editing"},{"parentCategory":{"ref":"L_Editing"},"supportedOn":{"ref":"windows:SUPPORTED_Windows7"},"elements":{"items":[{"valueName":"defaultfontsize","requiredSpecified":false,"expandableSpecified":false,"maxLength":2147483647,"maxLengthSpecified":false,"inputType":"textBox","caption":"Schriftgrad:","id":"L_FontSize"}]},"name":"L_DefaultFontSize","displayName":"Standardschriftgröße","explainText":"Gibt den Wert in der Option \"Schriftgrad\" an.","tags":["L_Editing","L_OneNoteOptions","L_MicrosoftOfficeOneNote"],"application":"onent16","key":"software\\microsoft\\office\\16.0\\onenote\\options\\editing"},{"parentCategory":{"ref":"L_Editing"},"supportedOn":{"ref":"windows:SUPPORTED_Windows7"},"enabledValue":{"decimal":{"value":1}},"disabledValue":{"decimal":{"value":0}},"name":"L_AutoKeyboardSwitching","displayName":"Automatische Tastaturumschaltung","explainText":"Aktiviert/deaktiviert die Option \"Tastaturen automatisch umschalten\".","tags":["L_Editing","L_OneNoteOptions","L_MicrosoftOfficeOneNote"],"application":"onent16","key":"software\\microsoft\\office\\16.0\\onenote\\options\\language","valueName":"autokeyboard"},{"parentCategory":{"ref":"L_Editing"},"supportedOn":{"ref":"windows:SUPPORTED_Windows7"},"enabledValue":{"decimal":{"value":1}},"disabledValue":{"decimal":{"value":0}},"name":"L_IncludelinktosourcewhenpastingfromtheInternet","displayName":"Hyperlink zur Quelle beim Einfügen von Inhalt aus dem Internet miteinbeziehen","explainText":"Aktiviert/deaktiviert die entsprechende Benutzeroberflächenoption.","tags":["L_Editing","L_OneNoteOptions","L_MicrosoftOfficeOneNote"],"application":"onent16","key":"software\\microsoft\\office\\16.0\\onenote\\options\\editing","valueName":"pasteincludeurl"},{"parentCategory":{"ref":"L_Pen"},"supportedOn":{"ref":"windows:SUPPORTED_Windows7"},"enabledValue":{"decimal":{"value":1}},"disabledValue":{"decimal":{"value":0}},"name":"L_DisableScratchout","displayName":"Durchstreichgeste deaktivieren","explainText":"Deaktiviert die Durchstreichgeste während der Freihandeingabe.","tags":["L_Pen","L_OneNoteOptions","L_MicrosoftOfficeOneNote"],"application":"onent16","key":"software\\microsoft\\office\\16.0\\onenote\\options\\pen","valueName":"disablescratchout"},{"parentCategory":{"ref":"L_Pen"},"supportedOn":{"ref":"windows:SUPPORTED_Windows7"},"enabledValue":{"decimal":{"value":1}},"disabledValue":{"decimal":{"value":0}},"name":"L_Createallnewpageswithrulelines","displayName":"Alle neuen Seiten mit Hilfslinien erstellen","explainText":"Aktiviert/deaktiviert die entsprechende Benutzeroberflächenoption.","tags":["L_Pen","L_OneNoteOptions","L_MicrosoftOfficeOneNote"],"application":"onent16","key":"software\\microsoft\\office\\16.0\\onenote\\options\\pen","valueName":"userulelines"},{"parentCategory":{"ref":"L_Pen"},"supportedOn":{"ref":"windows:SUPPORTED_Windows7"},"enabledValue":{"decimal":{"value":1}},"disabledValue":{"decimal":{"value":0}},"name":"L_Usepenpressuresensitivity","displayName":"Stiftdrucksensitivität verwenden","explainText":"Aktiviert/deaktiviert die entsprechende Benutzeroberflächenoption.","tags":["L_Pen","L_OneNoteOptions","L_MicrosoftOfficeOneNote"],"application":"onent16","key":"software\\microsoft\\office\\16.0\\onenote\\options\\pen","valueName":"inkpressure"},{"parentCategory":{"ref":"L_Pen"},"supportedOn":{"ref":"windows:SUPPORTED_Windows7"},"enabledValue":{"decimal":{"value":1}},"disabledValue":{"decimal":{"value":0}},"name":"L_AutomaticallyswitchbetweenPenandSelectionTool","displayName":"Automatisch zwischen Stift und Auswählen-Tool umschalten","explainText":"Aktiviert/deaktiviert die entsprechende Benutzeroberflächenoption.","tags":["L_Pen","L_OneNoteOptions","L_MicrosoftOfficeOneNote"],"application":"onent16","key":"software\\microsoft\\office\\16.0\\onenote\\options\\pen","valueName":"automodeswitch"},{"parentCategory":{"ref":"L_Pen"},"supportedOn":{"ref":"windows:SUPPORTED_Windows7"},"enabledValue":{"decimal":{"value":1}},"disabledValue":{"decimal":{"value":0}},"name":"L_ShowTabletPCInputPanelonOneNotepages","displayName":"Tablet PC-Eingabebereich auf OneNote-Seiten anzeigen","explainText":"Diese Richtlinie aktivieren, um den Tablet PC-Eingabebereich auf OneNote-Seiten anzuzeigen.","tags":["L_Pen","L_OneNoteOptions","L_MicrosoftOfficeOneNote"],"application":"onent16","key":"software\\microsoft\\office\\16.0\\onenote\\options\\pen","valueName":"showtabletpcinputpanel"},{"parentCategory":{"ref":"L_Email"},"supportedOn":{"ref":"windows:SUPPORTED_Windows7"},"enabledValue":{"decimal":{"value":1}},"disabledValue":{"decimal":{"value":0}},"name":"L_AttachEmbeddedFilesToTheEmail","displayName":"Eingebettete Dateien E-Mail-Nachrichten als gesonderte Dateien anfügen","explainText":"Diese Richtlinieneinstellung ermöglicht Ihnen die Konfiguration der Option \"Eingebettete Dateien E-Mail-Nachrichten als gesonderte Dateien anfügen\", die sich auf der Registerkarte \"Datei\" unter \"Optionen\" | \"Erweitert\" | \"Aus OneNote gesendete E-Mail-Nachrichten\" befindet.\n\nWenn Sie diese Richtlinieneinstellung aktivieren oder nicht konfigurieren, werden eingebettete Dateien einer E-Mail-Nachricht als gesonderte Dateien angefügt.\n\nWenn Sie diese Richtlinieneinstellung deaktivieren, werden eingebettete Dateien einer E-Mail-Nachricht nicht als gesonderte Dateien angefügt.","tags":["L_Email","L_OneNoteOptions","L_MicrosoftOfficeOneNote"],"application":"onent16","key":"software\\microsoft\\office\\16.0\\onenote\\options","valueName":"email embedded files"},{"parentCategory":{"ref":"L_Email"},"supportedOn":{"ref":"windows:SUPPORTED_Windows7"},"enabledValue":{"decimal":{"value":1}},"disabledValue":{"decimal":{"value":0}},"name":"L_AllowOneNoteemailattachments","displayName":"OneNote-E-Mail-Anlagen zulassen","explainText":"Aktiviert/deaktiviert die Option \"Kopie der Notizen als OneNote-Datei anfügen\".","tags":["L_Email","L_OneNoteOptions","L_MicrosoftOfficeOneNote"],"application":"onent16","key":"software\\microsoft\\office\\16.0\\onenote\\options","valueName":"email attachment"},{"parentCategory":{"ref":"L_Email"},"supportedOn":{"ref":"windows:SUPPORTED_Windows7"},"enabledValue":{"decimal":{"value":1}},"disabledValue":{"decimal":{"value":0}},"name":"L_AddsignaturetoOneNoteemailmessages","displayName":"Signatur den OneNote-E-Mail-Nachrichten hinzufügen","explainText":"Aktiviert/deaktiviert die Option \"Die folgende Signatur zu von OneNote erstellten E-Mail-Nachrichten und Webseiten hinzufügen\".","tags":["L_Email","L_OneNoteOptions","L_MicrosoftOfficeOneNote"],"application":"onent16","key":"software\\microsoft\\office\\16.0\\onenote\\options\\other","valueName":"emailsignature"},{"parentCategory":{"ref":"L_Email"},"supportedOn":{"ref":"windows:SUPPORTED_Windows7"},"elements":{"items":[{"valueName":"signature","requiredSpecified":false,"expandableSpecified":false,"maxLength":2147483647,"maxLengthSpecified":false,"inputType":"textBox","caption":"Signatur für die Verwendung mit OneNote-E-Mail eingeben","id":"L_EntersignaturetouseforOneNoteemail"}]},"name":"L_UsethissignatureforOneNoteemail","displayName":"Diese Signatur für OneNote-E-Mail verwenden","explainText":"Legt den Wert in der Option \"Die folgende Signatur zu von OneNote erstellten E-Mail-Nachrichten und Webseiten hinzufügen\" fest.","tags":["L_Email","L_OneNoteOptions","L_MicrosoftOfficeOneNote"],"application":"onent16","key":"software\\microsoft\\office\\16.0\\onenote\\options\\other"},{"parentCategory":{"ref":"L_NoteFlags"},"supportedOn":{"ref":"windows:SUPPORTED_Windows7"},"enabledValue":{"decimal":{"value":1}},"disabledValue":{"decimal":{"value":0}},"name":"L_Copyitemswhenmovingthem","displayName":"Elemente beim Verschieben kopieren","explainText":"Diese Richtlinieneinstellung ermöglicht Ihnen die Konfiguration von kategorisierten Notizen.\n\nWenn Sie diese Richtlinieneinstellung aktivieren oder nicht konfigurieren, wird die Option \"Kategorisierte Originalnotizen unverändert lassen\" aktiviert.\n\nWenn Sie diese Richtlinieneinstellung deaktivieren, wird die Option \"Kategorisierte Originalnotizen abgeblendet anzeigen\" aktiviert.","tags":["L_NoteFlags","L_OneNoteOptions","L_MicrosoftOfficeOneNote"],"application":"onent16","key":"software\\microsoft\\office\\16.0\\onenote\\options\\other","valueName":"duplicatenoteflag"},{"parentCategory":{"ref":"L_NoteFlags"},"supportedOn":{"ref":"windows:SUPPORTED_Windows7"},"enabledValue":{"decimal":{"value":1}},"disabledValue":{"decimal":{"value":0}},"name":"L_ShowDimmedTaggedNotesInTheTagsSummaryTaskPane","displayName":"Abgeblendete kategorisierte Notizen im Aufgabenbereich \"Kategorienzusammenfassung\" anzeigen","explainText":"Aktiviert/deaktiviert die Option \"Abgeblendete kategorisierte Notizen im Aufgabenbereich 'Kategorienzusammenfassung' anzeigen\".","tags":["L_NoteFlags","L_OneNoteOptions","L_MicrosoftOfficeOneNote"],"application":"onent16","key":"software\\microsoft\\office\\16.0\\onenote\\options\\other","valueName":"showinactivenoteflag"},{"parentCategory":{"ref":"L_AudioandVideo"},"supportedOn":{"ref":"windows:SUPPORTED_Windows7"},"enabledValue":{"decimal":{"value":0}},"disabledValue":{"decimal":{"value":1}},"name":"L_Disableaudosearch","displayName":"Audio-Suche deaktivieren","explainText":"Deaktiviert das Feature Audio-Suche von OneNote.","tags":["L_AudioandVideo","L_OneNoteOptions","L_MicrosoftOfficeOneNote"],"application":"onent16","key":"software\\microsoft\\office\\16.0\\onenote\\options\\other","valueName":"enableaudiosearch"},{"parentCategory":{"ref":"L_AudioandVideo"},"supportedOn":{"ref":"windows:SUPPORTED_Windows7"},"enabledValue":{"decimal":{"value":1}},"disabledValue":{"decimal":{"value":0}},"name":"L_DisableLinkedAudiofeature","displayName":"Feature \"Verknüpftes Audio\" deaktivieren","explainText":"Diese Richtlinieneinstellung ermöglicht Ihnen die Konfiguration der Befehle \"Audio aufnehmen\" und \"Video aufnehmen\" auf der Registerkarte \"Einfügen\".\n\nWenn Sie diese Richtlinieneinstellung aktivieren, sind die Befehle nicht verfügbar.\n\nWenn Sie diese Richtlinieneinstellung deaktivieren oder nicht konfigurieren, sind die Befehle verfügbar.","tags":["L_AudioandVideo","L_OneNoteOptions","L_MicrosoftOfficeOneNote"],"application":"onent16","key":"software\\microsoft\\office\\16.0\\onenote\\options\\audio","valueName":"disablerecording"},{"parentCategory":{"ref":"L_AudioandVideo"},"supportedOn":{"ref":"windows:SUPPORTED_Windows7"},"elements":{"items":[{"valueName":"defaultbitdepth","minValue":8,"minValueSpecified":true,"maxValue":48,"maxValueSpecified":true,"inputType":"decimalTextBox","caption":"Bits:","id":"L_Bits"}]},"name":"L_Specifynumberofbitstosamplewhenrecording","displayName":"Anzahl der Samplingbits für die Aufnahme angeben","explainText":"Gibt die Anzahl von Bits pro Sample (Wert in KBit/s) an, die standardmäßig bei der Audioaufnahme verwendet wird. Wenn der geeignete Codec gefunden wird, entspricht dies der Standardbittiefe, die in der Einstellung \"Format\" für \"Verknüpftes Audio\" verwendet wird, die sich auf der Registerkarte \"Datei\" unter \"Optionen\" | \"Audio und Video\" befindet.","tags":["L_AudioandVideo","L_OneNoteOptions","L_MicrosoftOfficeOneNote"],"application":"onent16","key":"software\\microsoft\\office\\16.0\\onenote\\options\\audio"},{"parentCategory":{"ref":"L_AudioandVideo"},"supportedOn":{"ref":"windows:SUPPORTED_Windows7"},"elements":{"items":[{"valueName":"defaultsamplerate","minValue":8,"minValueSpecified":true,"maxValue":192,"maxValueSpecified":true,"inputType":"decimalTextBox","caption":"Bits/Sekunde:","id":"L_BitsSecond"}]},"name":"L_Specifyratetosampleaudiobitssecond","displayName":"Samplingrate für Audio angeben (Bits/Sekunde)","explainText":"Gibt die Samplingrate an (in kHz), die standardmäßig bei der Audioaufnahme verwendet wird. Wenn der geeignete Codec gefunden wird, entspricht dies der Standardsamplingrate, die in der Einstellung \"Format\" für \"Verknüpftes Audio\" verwendet wird, die sich auf der Registerkarte \"Datei\" unter \"Optionen\" | \"Audio und Video\" befindet.","tags":["L_AudioandVideo","L_OneNoteOptions","L_MicrosoftOfficeOneNote"],"application":"onent16","key":"software\\microsoft\\office\\16.0\\onenote\\options\\audio"},{"parentCategory":{"ref":"L_AudioandVideo"},"supportedOn":{"ref":"windows:SUPPORTED_Windows7"},"elements":{"items":[{"valueName":"defaultchannels","minValue":1,"minValueSpecified":true,"maxValue":2,"maxValueSpecified":true,"inputType":"decimalTextBox","caption":"Kanäle (1-2):","id":"L_Channels12"}]},"name":"L_Specifynumberofchannelstorecord","displayName":"Anzahl der aufzuzeichnenden Kanäle angeben","explainText":"Gibt an, ob 1 oder 2 Kanäle für die Audioaufnahme verwendet werden. Wenn der entsprechende Codec gefunden wird, entspricht dies der Standardanzahl von Kanälen, die in der Einstellung \"Format\" für \"Verknüpftes Audio\" verwendet wird, die sich auf der Registerkarte \"Datei\" unter \"Optionen\" | \"Audio und Video\" befindet.","tags":["L_AudioandVideo","L_OneNoteOptions","L_MicrosoftOfficeOneNote"],"application":"onent16","key":"software\\microsoft\\office\\16.0\\onenote\\options\\audio"},{"parentCategory":{"ref":"L_AudioandVideo"},"supportedOn":{"ref":"windows:SUPPORTED_Windows7"},"elements":{"items":[{"valueName":"rewind","minValue":0,"minValueSpecified":true,"maxValue":999,"maxValueSpecified":true,"inputType":"decimalTextBox","caption":"Vom Absatzbeginn zurückspulen um: (Sek.)","id":"L_Rewindfromstartofparagraphbysec"}]},"name":"L_Rewindfromstartofparagraphbythefollowingnumberofseconds","displayName":"Folgende Anzahl von Sekunden vom Absatzbeginn zurückspulen","explainText":"Legt den Wert in der entsprechenden Benutzeroberflächenoption fest.","tags":["L_AudioandVideo","L_OneNoteOptions","L_MicrosoftOfficeOneNote"],"application":"onent16","key":"software\\microsoft\\office\\16.0\\onenote\\options\\audio"},{"parentCategory":{"ref":"L_AudioandVideo"},"supportedOn":{"ref":"windows:SUPPORTED_Windows7"},"elements":{"items":[{"item":[{"value":{"string":"Windows Media Video 8 for Color Pocket PCs (150 Kbps)"},"displayName":"Color Pocket PCs (150 KBit/s)"},{"value":{"string":"Windows Media Video 8 for Dial-up Modems or Single-channel ISDN (28.8 to 56 Kbps)"},"displayName":"DFÜ-Modems oder Einzelkanal-ISDN (28,8 bis 56 KBit/s)"},{"value":{"string":"Windows Media Video 8 for LAN, Cable Modem, or xDSL (100 to 768 Kbps)"},"displayName":"LAN, Kabelmodem oder xDSL (100 bis 768 KBit/s)"},{"value":{"string":"Windows Media Video 8 for Dial-up Modems or LAN (28.8 to 100 Kbps)"},"displayName":"DFÜ-Modems oder LAN (28,8 bis 100 KBit/s)"},{"value":{"string":"Windows Media Video 8 for Dial-up Modems (28.8 Kbps)"},"displayName":"DFÜ-Modems (28,8 KBit/s)"},{"value":{"string":"Windows Media Video 8 for Dial-up Modems (56 Kbps)"},"displayName":"DFÜ-Modems (56 KBit/s)"},{"value":{"string":"Windows Media Video 8 for Local Area Network (100 Kbps)"},"displayName":"LAN (100 KBit/s)"},{"value":{"string":"Windows Media Video 8 for Local Area Network (256 Kbps)"},"displayName":"LAN (256 KBit/s)"},{"value":{"string":"Windows Media Video 8 for Local Area Network (384 Kbps)"},"displayName":"LAN (384 KBit/s)"},{"value":{"string":"Windows Media Video 8 for Broadband (NTSC, 700 Kbps)"},"displayName":"Breitband (NTSC, 700 KBit/s)"},{"value":{"string":"Windows Media Video 8 for Broadband (NTSC, 1400 Kbps)"},"displayName":"Breitband (NTSC, 1400 KBit/s)"},{"value":{"string":"Windows Media Video 8 for Broadband (PAL, 384 Kbps)"},"displayName":"Breitband (PAL, 384 KBit/s)"},{"value":{"string":"Windows Media Video 8 for Broadband (PAL, 700 Kbps)"},"displayName":"Breitband (PAL, 700 KBit/s)"}],"valueName":"videocaptureprofile","inputType":"dropdownList","caption":"Windows Media Video 8-Codec auswählen:","id":"L_ChoosetheWindowsMediaVideo8codec"}]},"name":"L_ChoosedefaultcodectobeusedforVideonotebook","displayName":"Für Videonotizbuch zu verwendenden Standardcodec auswählen","explainText":"Mit dieser Option wird der Standardcodec festgelegt, der von OneNote für in OneNote erstellte Videoaufzeichnungen verwendet wird.","tags":["L_AudioandVideo","L_OneNoteOptions","L_MicrosoftOfficeOneNote"],"application":"onent16","key":"software\\microsoft\\office\\16.0\\onenote\\options\\audio"},{"parentCategory":{"ref":"L_Cryptography"},"supportedOn":{"ref":"windows:SUPPORTED_Windows7"},"elements":{"items":[{"valueName":"cipheralgorithm","required":true,"requiredSpecified":true,"expandableSpecified":false,"maxLength":2147483647,"maxLengthSpecified":false,"inputType":"textBox","caption":"CNG-Chiffrieralgorithmus:","id":"L_SetCNGCipherAlgorithmID"}]},"name":"L_SetCNGCipherAlgorithm","displayName":"CNG-Chiffrieralgorithmus festlegen","explainText":"Diese Richtlinieneinstellung ermöglicht Ihnen die Konfiguration des verwendeten CNG-Verschlüsselungsverfahrenalgorithmus.\n\nWenn Sie diese Richtlinieneinstellung aktivieren, wird das bereitgestellte Verschlüsselungsverfahren verwendet, wenn es sich um einen unterstützten Algorithmus handelt.\n\nWenn Sie diese Richtlinieneinstellung deaktivieren oder nicht konfigurieren, wird \"AES\" verwendet.","tags":["L_Cryptography","L_Security","L_OneNoteOptions","L_MicrosoftOfficeOneNote"],"application":"onent16","key":"software\\microsoft\\office\\16.0\\onenote\\security\\crypto"},{"parentCategory":{"ref":"L_Cryptography"},"supportedOn":{"ref":"windows:SUPPORTED_Windows7"},"elements":{"items":[{"item":[{"value":{"string":"ChainingModeCBC"},"displayName":"CBC (Blockchiffreverkettung, Cipher Block Chaining)"},{"value":{"string":"ChainingModeCFB"},"displayName":"CFB (Cipher Feedback)"}],"valueName":"cipherchaining","inputType":"dropdownList","id":"L_ConfigureCNGCipherChainingModeDropID"}]},"name":"L_ConfigureCNGCipherChainingMode","displayName":"CNG-Chiffreverkettungsmodus konfigurieren","explainText":"Diese Richtlinieneinstellung ermöglicht Ihnen die Konfiguration des verwendeten Chiffreverkettungsmodus.\n\nWenn Sie diese Richtlinieneinstellung aktivieren, wird der angegebene Chiffreverkettungsmodus angewendet.\n\nWenn Sie diese Richtlinieneinstellung deaktivieren oder nicht konfigurieren, ist \"CBC (Blockchiffreverkettung, Cipher Block Chaining)\" der verwendete Standardmodus für die CNG-Chiffreverkettung.","tags":["L_Cryptography","L_Security","L_OneNoteOptions","L_MicrosoftOfficeOneNote"],"application":"onent16","key":"software\\microsoft\\office\\16.0\\onenote\\security\\crypto"},{"parentCategory":{"ref":"L_Cryptography"},"supportedOn":{"ref":"windows:SUPPORTED_Windows7"},"elements":{"items":[{"valueName":"cipherkeybits","minValue":0,"minValueSpecified":true,"maxValue":1000000,"maxValueSpecified":true,"inputType":"decimalTextBox","caption":"Länge des Chiffrierschlüssels","id":"L_SetCNGCipherKeyLengthSpinID"}]},"name":"L_SetCNGCipherKeyLength","displayName":"Länge des CNG-Chiffrierschlüssels festlegen","explainText":"Diese Richtlinieneinstellung ermöglicht Ihnen die Konfiguration der Anzahl von Bits, die bei der Erstellung des Chiffrierschlüssels verwendet werden soll. Dieser Wert wird auf ein Vielfaches von 8 abgerundet.\n\nWenn Sie diese Richtlinieneinstellung aktivieren, wird die angegebene Anzahl der Schlüsselbits verwendet.\n\nWenn Sie diese Richtlinieneinstellung deaktivieren oder nicht konfigurieren, wird der Standardwert verwendet.","tags":["L_Cryptography","L_Security","L_OneNoteOptions","L_MicrosoftOfficeOneNote"],"application":"onent16","key":"software\\microsoft\\office\\16.0\\onenote\\security\\crypto"},{"parentCategory":{"ref":"L_Cryptography"},"supportedOn":{"ref":"windows:SUPPORTED_Windows7"},"elements":{"items":[{"item":[{"value":{"decimal":{"value":0}},"displayName":"Format aus Vorversion verwenden"},{"value":{"decimal":{"value":1}},"displayName":"Format der nächsten Generation verwenden"},{"value":{"decimal":{"value":2}},"displayName":"Alle Dateien im Format der nächsten Generation speichern"}],"valueName":"compatmode","inputType":"dropdownList","id":"L_SpecifyEncryptionCompatibilityDropID"}]},"name":"L_SpecifyEncryptionCompatibility","displayName":"Verschlüsselungskompatibilität angeben","explainText":"Diese Richtlinieneinstellung ermöglicht Ihnen die Angabe der verschlüsselten Datenbankkompatibilität.\n\nWenn Sie diese Richtlinieneinstellung aktivieren, wird das angegebene Kompatibilitätsformat während der Verschlüsselung auf neue Dateien angewendet.\n- \"Format aus Vorversion verwenden\"\n- \"Format der nächsten Generation verwenden\"\n- \"Alle Dateien im Format der nächsten Generation speichern\"\n\nWenn Sie diese Richtlinieneinstellung deaktivieren oder nicht konfigurieren, wird die Standardeinstellung \"Format der nächsten Generation verwenden\" angewendet.","tags":["L_Cryptography","L_Security","L_OneNoteOptions","L_MicrosoftOfficeOneNote"],"application":"onent16","key":"software\\microsoft\\office\\16.0\\onenote\\security\\crypto"},{"parentCategory":{"ref":"L_Cryptography"},"supportedOn":{"ref":"windows:SUPPORTED_Windows7"},"elements":{"items":[{"valueName":"context","required":true,"requiredSpecified":true,"expandableSpecified":false,"maxLength":2147483647,"maxLengthSpecified":false,"inputType":"textBox","caption":"Parameter","id":"L_SetParametersForCNGContextID"}]},"name":"L_SetParametersForCNGContext","displayName":"Parameter für CNG-Kontext festlegen","explainText":"Diese Richtlinieneinstellung ermöglicht Ihnen die Angabe der Verschlüsselungsparameter, die für den CNG-Kontext verwendet werden sollen. \n\nWenn Sie diese Richtlinieneinstellung aktivieren, werden die angegebenen Parameter an den CNG-Kontext übergeben.\n\nWenn Sie diese Richtlinieneinstellung deaktivieren oder nicht konfigurieren, werden die CNG-Standardwerte verwendet.","tags":["L_Cryptography","L_Security","L_OneNoteOptions","L_MicrosoftOfficeOneNote"],"application":"onent16","key":"software\\microsoft\\office\\16.0\\onenote\\security\\crypto"},{"parentCategory":{"ref":"L_Cryptography"},"supportedOn":{"ref":"windows:SUPPORTED_Windows7"},"elements":{"items":[{"item":[{"value":{"string":"SHA1"},"displayName":"SHA1"},{"value":{"string":"SHA256"},"displayName":"SHA256"},{"value":{"string":"SHA384"},"displayName":"SHA384"},{"value":{"string":"SHA512"},"displayName":"SHA512"}],"valueName":"hashalgorithm","inputType":"dropdownList","id":"L_SpecifyCNGHashAlgorithmDropID"}]},"name":"L_SpecifyCNGHashAlgorithm","displayName":"CNG-Hashalgorithmus angeben","explainText":"Diese Richtlinieneinstellung ermöglicht Ihnen die Angabe des verwendeten Hashalgorithmus.\n\nWenn Sie diese Richtlinieneinstellung aktivieren, wird der gewählte Hashalgorithmus von CNG verwendet.\n\nWenn Sie diese Richtlinieneinstellung deaktivieren oder nicht konfigurieren, wird der CNG-Standardhashalgorithmus verwendet.","tags":["L_Cryptography","L_Security","L_OneNoteOptions","L_MicrosoftOfficeOneNote"],"application":"onent16","key":"software\\microsoft\\office\\16.0\\onenote\\security\\crypto"},{"parentCategory":{"ref":"L_Cryptography"},"supportedOn":{"ref":"windows:SUPPORTED_Windows7"},"elements":{"items":[{"valueName":"passwordspincount","minValue":0,"minValueSpecified":true,"maxValue":10000000,"maxValueSpecified":true,"inputType":"decimalTextBox","id":"L_SetCNGPasswordSpinCountSpinID"}]},"name":"L_SetCNGPasswordSpinCount","displayName":"Anzahl für CNG-Kennwortwechsel festlegen","explainText":"Diese Richtlinieneinstellung ermöglicht Ihnen anzugeben, wie oft der Kennwortverifizierer gewechselt (neu gehasht) werden soll.\n\nWenn Sie diese Richtlinieneinstellung aktivieren, ist der angegebene Wert die Anzahl, die das Kennwort neu gehasht wird.\n\nWenn Sie diese Richtlinieneinstellung deaktivieren oder nicht konfigurieren, wird der Standardwert (100.000) verwendet.","tags":["L_Cryptography","L_Security","L_OneNoteOptions","L_MicrosoftOfficeOneNote"],"application":"onent16","key":"software\\microsoft\\office\\16.0\\onenote\\security\\crypto"},{"parentCategory":{"ref":"L_Cryptography"},"supportedOn":{"ref":"windows:SUPPORTED_Windows7"},"elements":{"items":[{"valueName":"rngalgorithm","required":true,"requiredSpecified":true,"expandableSpecified":false,"maxLength":2147483647,"maxLengthSpecified":false,"inputType":"textBox","caption":"Zufallszahlen-Generator:","id":"L_SpecifyCNGRandomNumberGeneratorAlgorithmID"}]},"name":"L_SpecifyCNGRandomNumberGeneratorAlgorithm","displayName":"Algorithmus für CNG-Zufallszahlen-Generator angeben","explainText":"Diese Richtlinieneinstellung ermöglicht Ihnen die Konfiguration des zu verwendenden CNG-Zufallszahlen-Generators.\n\nWenn Sie diese Richtlinieneinstellung aktivieren, wird der angegebene  Zufallszahlen-Generator verwendet.\n\nWenn Sie diese Richtlinieneinstellung deaktivieren oder nicht konfigurieren, wird der standardmäßige Zufallszahlen-Generator verwendet.","tags":["L_Cryptography","L_Security","L_OneNoteOptions","L_MicrosoftOfficeOneNote"],"application":"onent16","key":"software\\microsoft\\office\\16.0\\onenote\\security\\crypto"},{"parentCategory":{"ref":"L_Cryptography"},"supportedOn":{"ref":"windows:SUPPORTED_Windows7"},"elements":{"items":[{"valueName":"saltbytes","minValue":0,"minValueSpecified":true,"maxValue":5000,"maxValueSpecified":true,"inputType":"decimalTextBox","caption":"Anzahl der Bytes","id":"L_SpecifyCNGSaltLengthSpinID"}]},"name":"L_SpecifyCNGSaltLength","displayName":"Länge für CNG-Salt angeben","explainText":"Diese Richtlinieneinstellung ermöglicht Ihnen die Angabe der Anzahl von Salt-Bytes, die verwendet werden soll.\n\nWenn Sie diese Richtlinieneinstellung aktivieren, wird die angegebene Anzahl von Bytes verwendet.\n\nWenn Sie diese Richtlinieneinstellung deaktivieren oder nicht konfigurieren, wird die Standardlänge oder 16 verwendet.","tags":["L_Cryptography","L_Security","L_OneNoteOptions","L_MicrosoftOfficeOneNote"],"application":"onent16","key":"software\\microsoft\\office\\16.0\\onenote\\security\\crypto"},{"parentCategory":{"ref":"L_Save"},"supportedOn":{"ref":"windows:SUPPORTED_Windows7"},"elements":{"items":[{"valueName":"notebook root","requiredSpecified":false,"expandableSpecified":false,"maxLength":2147483647,"maxLengthSpecified":false,"inputType":"textBox","caption":"","id":"L_empty1"}]},"name":"L_NotebookRoot","displayName":"Notizbuchstamm","explainText":"Um den Standardpfad für Notizbücher zu ändern, geben Sie einen Pfad in Bezug auf Ihre Dokumente ein.","tags":["L_Save","L_OneNoteOptions","L_MicrosoftOfficeOneNote"],"application":"onent16","key":"software\\microsoft\\office\\16.0\\onenote\\options\\save"},{"parentCategory":{"ref":"L_Save"},"supportedOn":{"ref":"windows:SUPPORTED_Windows7"},"elements":{"items":[{"valueName":"unfilednotessection","requiredSpecified":false,"expandableSpecified":false,"maxLength":2147483647,"maxLengthSpecified":false,"inputType":"textBox","caption":"Randnotizen in diesem Abschnitt öffnen:","id":"L_OpenSideNotesinthissection"}]},"name":"L_Locationofunfilednotessection","displayName":"Speicherort des Abschnitts 'Nicht abgelegte Notizen'","explainText":"Der Speicherort, in dem OneNote den Abschnitt 'Nicht abgelegte Notizen' speichert.","tags":["L_Save","L_OneNoteOptions","L_MicrosoftOfficeOneNote"],"application":"onent16","key":"software\\microsoft\\office\\16.0\\onenote\\options\\paths"},{"parentCategory":{"ref":"L_Save"},"supportedOn":{"ref":"windows:SUPPORTED_Windows7"},"elements":{"items":[{"valueName":"backupfolderpath","requiredSpecified":false,"expandableSpecified":false,"maxLength":2147483647,"maxLengthSpecified":false,"inputType":"textBox","caption":"Sicherungsordner:","id":"L_BackupFolder"}]},"name":"L_LocationofBackupFolder","displayName":"Speicherort des Sicherungsordners","explainText":"Legt den Wert in der entsprechenden Benutzeroberflächenoption fest.","tags":["L_Save","L_OneNoteOptions","L_MicrosoftOfficeOneNote"],"application":"onent16","key":"software\\microsoft\\office\\16.0\\onenote\\options\\paths"},{"parentCategory":{"ref":"L_Save"},"supportedOn":{"ref":"windows:SUPPORTED_Windows7"},"elements":{"items":[{"valueName":"percentfreespacebeforeoptimize","minValue":0,"minValueSpecified":true,"maxValue":100,"maxValueSpecified":true,"inputType":"decimalTextBox","caption":"Prozentsatz eingeben:","id":"L_EnterPercentage"}]},"name":"L_Percentageofunuseddiskspacetoallowinsections","displayName":"Prozentsatz des zulässigen nicht verwendeten Speicherplatzes in Abschnitten","explainText":"Legt den Wert in der Option \"Prozentsatz für ungenutzten Speicherplatz, der ohne Optimieren in Abschnittsdateien zulässig ist\" fest.","tags":["L_Save","L_OneNoteOptions","L_MicrosoftOfficeOneNote"],"application":"onent16","key":"software\\microsoft\\office\\16.0\\onenote\\options\\save"},{"parentCategory":{"ref":"L_Password"},"supportedOn":{"ref":"windows:SUPPORTED_Windows7"},"enabledValue":{"decimal":{"value":0}},"disabledValue":{"decimal":{"value":1}},"name":"L_Disallowsaddonsaccesstopass","displayName":"Deaktiviert den Zugriff von Add-Ons auf kennwortgeschützte Abschnitte.","explainText":"Mit dieser Option kann für Erweiterungs-Add-Ons der Zugriff auf kennwortgeschützte Abschnitte deaktiviert werden, wenn sie nicht gesperrt sind.","tags":["L_Password","L_OneNoteOptions","L_MicrosoftOfficeOneNote"],"application":"onent16","key":"software\\microsoft\\office\\16.0\\onenote\\security","valueName":"allowaddinaccesstoencryptedfiles"},{"parentCategory":{"ref":"L_Password"},"supportedOn":{"ref":"windows:SUPPORTED_Windows7"},"enabledValue":{"decimal":{"value":1}},"disabledValue":{"decimal":{"value":0}},"name":"L_Disablepasswordprotectedsections","displayName":"Kennwortgeschützte Abschnitte deaktivieren","explainText":"Deaktiviert die Möglichkeit zum Erstellen neuer kennwortgeschützter Abschnitte. Sie können jedoch weiterhin die Sperre für vorhandene Abschnitte aufheben und vorhandene Abschnitte bearbeiten, für die ein Kennwort festgelegt war.","tags":["L_Password","L_OneNoteOptions","L_MicrosoftOfficeOneNote"],"application":"onent16","key":"software\\microsoft\\office\\16.0\\onenote\\general","valueName":"passwordprotectiondisabled"},{"parentCategory":{"ref":"L_Password"},"supportedOn":{"ref":"windows:SUPPORTED_Windows7"},"enabledValue":{"decimal":{"value":1}},"disabledValue":{"decimal":{"value":0}},"name":"L_LockpasswordprotectedsectionsassoonasInavigateawayfromthem","displayName":"Kennwortgeschützte Abschnitte sperren, sobald ich sie verlassen habe","explainText":"In OneNote wird der Kennwortschutz von Abschnitten unterstützt. Die Sperre eines Abschnitts wird aufgehoben, wenn ein Benutzer das Kennwort eingibt. Der Abschnitt kann erneut gesperrt werden, wenn ein Timeout vorliegt oder wenn Sie den Abschnitt verlassen. Mit dieser Option wird der Abschnitt gesperrt, wenn Sie den kennwortgeschützten Abschnitt verlassen.","tags":["L_Password","L_OneNoteOptions","L_MicrosoftOfficeOneNote"],"application":"onent16","key":"software\\microsoft\\office\\16.0\\onenote\\security","valueName":"locksectionsimmediately"},{"parentCategory":{"ref":"L_Backup"},"supportedOn":{"ref":"windows:SUPPORTED_Windows7"},"elements":{"items":[{"valueName":"backupnumberofbackupstokeep","minValue":0,"minValueSpecified":true,"maxValue":1000,"maxValueSpecified":true,"inputType":"decimalTextBox","caption":"So viele Sicherungskopien behalten","id":"L_numberofbackupcopiestokeep2"}]},"name":"L_Numberofbackupcopiestokeep","displayName":"So viele Sicherungskopien behalten","explainText":"Legt den Wert in der entsprechenden Benutzeroberflächenoption fest.","tags":["L_Backup","L_OneNoteOptions","L_MicrosoftOfficeOneNote"],"application":"onent16","key":"software\\microsoft\\office\\16.0\\onenote\\options\\save"},{"parentCategory":{"ref":"L_SendToOneNote"},"supportedOn":{"ref":"windows:SUPPORTED_Windows7"},"enabledValue":{"decimal":{"value":1}},"disabledValue":{"decimal":{"value":0}},"name":"L_DisableOutlooksendemailtoOneNoteoption","displayName":"Option zum Senden von E-Mail von Outlook an OneNote deaktivieren","explainText":"Mit dieser Richtlinie wird das Add-In \"An OneNote senden\" für Microsoft Outlook deaktiviert. Standardmäßig wird von OneNote ein Add-In auf der Outlook-Symbolleiste installiert, mit dem die Benutzer E-Mails an OneNote senden können. Die Schaltfläche \"An OneNote senden\" wird im E-Mail-Hauptmodul in Outlook sowie beim Anzeigen einer E-Mail angezeigt. Sie können dieses Feature mithilfe dieser Richtlinie deaktivieren.","tags":["L_SendToOneNote","L_OneNoteOptions","L_MicrosoftOfficeOneNote"],"application":"onent16","key":"software\\microsoft\\office\\16.0\\onenote\\options\\outlookandweb","valueName":"disablesendemailtoonenote"},{"parentCategory":{"ref":"L_Addins"},"supportedOn":{"ref":"windows:SUPPORTED_Windows7"},"enabledValue":{"decimal":{"value":1}},"disabledValue":{"decimal":{"value":0}},"name":"L_DisableOneNoteCOMAPI","displayName":"OneNote COM-API deaktivieren","explainText":"OneNote COM-API deaktivieren - hiermit werden Add-On-Anwendungen deaktiviert, die die COM-API verwenden. Hiermit werden auch andere Features deaktiviert, die diese API verwenden, wie z. B. das Senden von Informationen von Outlook an OneNote.","tags":["L_Addins","L_OneNoteOptions","L_MicrosoftOfficeOneNote"],"application":"onent16","key":"software\\microsoft\\office\\16.0\\onenote\\security","valueName":"disablecomapi"},{"parentCategory":{"ref":"L_Addins"},"supportedOn":{"ref":"windows:SUPPORTED_Windows7"},"enabledValue":{"decimal":{"value":1}},"disabledValue":{"decimal":{"value":0}},"name":"L_DisableinstalledOneNoteaddins","displayName":"Installierte OneNote-Add-Ins deaktivieren","explainText":"Deaktiviert alle installierten OneNote-Add-Ins.","tags":["L_Addins","L_OneNoteOptions","L_MicrosoftOfficeOneNote"],"application":"onent16","key":"software\\microsoft\\office\\16.0\\onenote\\security","valueName":"disablealladdins"},{"parentCategory":{"ref":"L_Spelling"},"supportedOn":{"ref":"windows:SUPPORTED_Windows7"},"elements":{"items":[{"item":[{"value":{"decimal":{"value":0}},"displayName":"Keine Rechtschreibprüfung"},{"value":{"decimal":{"value":1}},"displayName":"Rechtschreibung während der Eingabe prüfen"},{"value":{"decimal":{"value":2}},"displayName":"Rechtschreibfehler ausblenden"},{"value":{"decimal":{"value":3}},"displayName":"Rechtschreibprüfung prüfen, aber Fehler ausblenden"}],"valueName":"onenotespellingoptions","inputType":"dropdownList","id":"L_empty11"}]},"name":"L_OneNoteSpellingOptions","displayName":"OneNote-Rechtschreiboptionen","explainText":"Mit diesen Optionen werden die Optionen \"Bei der Rechtschreibkorrektur in OneNote\" geändert, die auf der Registerkarte \"Datei\" unter \"Optionen\" im Dialogfeld \"Dokumentprüfung\" angezeigt werden.","tags":["L_Spelling","L_OneNoteOptions","L_MicrosoftOfficeOneNote"],"application":"onent16","key":"software\\microsoft\\shared tools\\proofing tools\\1.0\\office"},{"parentCategory":{"ref":"L_VersionsAndRecyleBin"},"supportedOn":{"ref":"windows:SUPPORTED_Windows7"},"enabledValue":{"decimal":{"value":0}},"disabledValue":{"decimal":{"value":1}},"name":"L_TurnOffVersionsAndNotebookRecycleBinInSharedNotebooks","displayName":"Versionen und Notizbuch-Papierkorb in freigegebenen Notizbüchern deaktivieren","explainText":"Diese Richtlinieneinstellung ermöglicht es Ihnen, den Versionsverlauf zu deaktivieren, der Versionen und den Notizbuch-Papierkorb umfasst. Bei einem Notizbuch im 2016-Format speichert OneNote automatisch vorherige Versionen der Seiten im Notizbuch sowie einen Papierkorb mit allen gelöschten Seiten und Abschnitten.\n\nWenn Sie diese Richtlinieneinstellung aktivieren, wird der Versionsverlauf deaktiviert.\n\nWenn Sie diese Richtlinieneinstellung deaktivieren oder nicht konfigurieren, werden vorherige Versionen standardmäßig in OneNote gespeichert.","tags":["L_VersionsAndRecyleBin","L_OneNoteOptions","L_MicrosoftOfficeOneNote"],"application":"onent16","key":"software\\microsoft\\office\\16.0\\onenote\\options\\versions","valueName":"enablehistory"},{"parentCategory":{"ref":"L_VersionsAndRecyleBin"},"supportedOn":{"ref":"windows:SUPPORTED_Windows7"},"enabledValue":{"decimal":{"value":0}},"disabledValue":{"decimal":{"value":1}},"name":"L_DoNotPruneVersionsOverTime","displayName":"Versionen im zeitlichen Verlauf nicht löschen","explainText":"Diese Richtlinieneinstellung ermöglicht Ihnen das Deaktivieren des automatischen Löschens in OneNote. Bei einem Notizbuch im 2016-Format speichert OneNote automatisch vorherige Versionen der Seiten im Notizbuch sowie einen Papierkorb mit allen gelöschten Seiten und Abschnitten.\n\nWenn Sie diese Richtlinieneinstellung aktivieren, werden vorherige Versionen in OneNote nicht gelöscht.\n\nWenn Sie diese Richtlinieneinstellung deaktivieren oder nicht konfigurieren, werden vorherige Versionen in OneNote gelöscht. Der Standardwert ist, dass Versionen im Laufe der Zeit gelöscht werden. Aktivieren Sie diese Richtlinieneinstellung nur, wenn vorherige Versionen in OneNote nicht gelöscht werden sollen.","tags":["L_VersionsAndRecyleBin","L_OneNoteOptions","L_MicrosoftOfficeOneNote"],"application":"onent16","key":"software\\microsoft\\office\\16.0\\onenote\\options\\versions","valueName":"pruneversionsovertime"},{"parentCategory":{"ref":"L_VersionsAndRecyleBin"},"supportedOn":{"ref":"windows:SUPPORTED_Windows7"},"elements":{"items":[{"valueName":"daysofallversions","minValue":0,"minValueSpecified":true,"maxValue":365,"maxValueSpecified":true,"inputType":"decimalTextBox","caption":"Vor Tagen","id":"L_DaysOfAllVersionsSpinID"}]},"name":"L_DaysOfAllVersions","displayName":"Anzahl Tage, die alle Versionsverlaufselemente vor der Bereinigung geschützt werden","explainText":"Mithilfe dieser Richtlinieneinstellung können Sie einen Zeitraum angeben, während dessen OneNote umfassende Versionsverlaufsseiten unterhält. Nach dem angegebenen Zeitraum unterhält OneNote einfachere Versionsverlaufsseiten, die weniger Speicherplatz beanspruchen.\n\nWenn Sie diese Richtlinieneinstellung aktivieren, behält OneNote die umfassenden Versionsverlaufsseiten für den angegebenen Zeitraum bei und wechselt dann nach dem Verstreichen dieses Zeitraums zu einfachen Versionsverlaufsseiten.\n\nWenn Sie diese Richtlinieneinstellung deaktivieren oder nicht konfigurieren, unterhält OneNote 2 Tage lang umfassende Versionsverlaufsseiten und wechselt nach dem Ablauf dieses Zeitraums zu einfachen Versionsverlaufsseiten.\n      ","tags":["L_VersionsAndRecyleBin","L_OneNoteOptions","L_MicrosoftOfficeOneNote"],"application":"onent16","key":"software\\microsoft\\office\\16.0\\onenote\\options\\versions"},{"parentCategory":{"ref":"L_VersionsAndRecyleBin"},"supportedOn":{"ref":"windows:SUPPORTED_Windows7"},"elements":{"items":[{"valueName":"daysofhourlyversions","minValue":0,"minValueSpecified":true,"maxValue":365,"maxValueSpecified":true,"inputType":"decimalTextBox","caption":"Zurückliegende Tage","id":"L_DaysOfHourlyVersionsNotToPruneAfterDaysBackSpinID"}]},"name":"L_DaysOfHourlyVersionsNotToPruneAfterDaysBack","displayName":"Tage nach \"Zurückliegende Tage\", für die stündliche Versionen nicht gelöscht werden sollen","explainText":"Diese Richtlinieneinstellung ermöglicht es Ihnen, die Anzahl der Tage festzulegen, für die stündliche Versionen nach Ablauf des Werts von \"Zurückliegende Tage\" nicht gelöscht werden sollen. Bei einem Notizbuch im 2016-Format speichert OneNote automatisch vorherige Versionen der Seiten im Notizbuch sowie einen Papierkorb mit allen gelöschten Seiten und Abschnitten.\n\nWenn Sie diese Richtlinieneinstellung aktivieren, können Sie die Anzahl der Tage angeben, über die stündliche Versionen noch nach Ablauf der Einstellung \"Zurückliegende Tage\" erhalten werden sollen. Dieser Wert gibt die Anzahl der Tage nach Ablauf von \"DaysOfAllVersions\" an, für die stündliche Versionsinformationen erhalten bleiben sollen. Nach Ablauf von \"DaysOfAllVersions\" behalten Benutzer pro Stunde eine Version für diese Anzahl von Tagen.\n\nWenn Sie diese Richtlinieneinstellung deaktivieren oder nicht konfigurieren, behält OneNote stündliche Versionen für die letzten 5 Tage.","tags":["L_VersionsAndRecyleBin","L_OneNoteOptions","L_MicrosoftOfficeOneNote"],"application":"onent16","key":"software\\microsoft\\office\\16.0\\onenote\\options\\versions"},{"parentCategory":{"ref":"L_VersionsAndRecyleBin"},"supportedOn":{"ref":"windows:SUPPORTED_Windows7"},"elements":{"items":[{"valueName":"maxuniquedayversions","minValue":0,"minValueSpecified":true,"maxValue":365,"maxValueSpecified":true,"inputType":"decimalTextBox","caption":"Maximale Anzahl von Versionen","id":"L_MaximumNumberOfOncePerDayVersionHistoryItemsKeptSpinID"}]},"name":"L_MaximumNumberOfOncePerDayVersionHistoryItemsKept","displayName":"Maximale Anzahl behaltener, einmal täglicher Versionsverlaufselemente","explainText":"Diese Richtlinieneinstellung ermöglicht es Ihnen, die Anzahl der einmal täglichen Verlaufselemente festzulegen, die für jede Seite behalten werden soll. Bei einem Notizbuch im 2016-Format speichert OneNote automatisch vorherige Versionen der Seiten im Notizbuch sowie einen Papierkorb mit allen gelöschten Seiten und Abschnitten.\n\nWenn Sie diese Richtlinieneinstellung aktivieren, können Sie die Anzahl der pro Tag zu behaltenden Versionen festlegen. Wenn Sie einen Wert von \"-1\" festlegen, wird OneNote angewiesen, alle alten einmal täglichen Versionsverlaufselemente zu behalten.\n \nWenn Sie diese Richtlinieneinstellung deaktivieren oder nicht konfigurieren, behält OneNote eine Seite jeden vergangenen Tag über die letzten 10 Tage.","tags":["L_VersionsAndRecyleBin","L_OneNoteOptions","L_MicrosoftOfficeOneNote"],"application":"onent16","key":"software\\microsoft\\office\\16.0\\onenote\\options\\versions"},{"parentCategory":{"ref":"L_VersionsAndRecyleBin"},"supportedOn":{"ref":"windows:SUPPORTED_Windows7"},"elements":{"items":[{"valueName":"deleteallversionsafter","minValue":0,"minValueSpecified":true,"maxValue":365,"maxValueSpecified":true,"inputType":"decimalTextBox","caption":"Zurückliegende Tage, für die Versionen behalten werden sollen","id":"L_DaysBackToKeepInVersionHistorySpinID"}]},"name":"L_DaysBackToKeepInVersionHistory","displayName":"Zurückliegende Tage, für die Versionsverlaufselemente behalten werden sollen","explainText":"Diese Richtlinieneinstellung ermöglicht es Ihnen, die Anzahl der Tage festzulegen, nach der alle älteren Versionsverlaufselemente, die vor diesem Wert erstellt wurden, gelöscht werden. Bei einem Notizbuch im 2016-Format speichert OneNote automatisch vorherige Versionen der Seiten im Notizbuch sowie einen Papierkorb mit allen gelöschten Seiten und Abschnitten.\n\nWenn Sie diese Richtlinieneinstellung aktivieren, können Sie die Anzahl der zurückliegenden Tage festlegen, nach denen der Versionsverlauf gelöscht werden soll.\n\nWenn Sie diese Richtlinieneinstellung deaktivieren oder nicht konfigurieren, behält OneNote vorherige Versionen standardmäßig für alle vergangenen Tage. Dies ist die Standardeinstellung, deren Wert \"-1\" beträgt.","tags":["L_VersionsAndRecyleBin","L_OneNoteOptions","L_MicrosoftOfficeOneNote"],"application":"onent16","key":"software\\microsoft\\office\\16.0\\onenote\\options\\versions"},{"parentCategory":{"ref":"L_VersionsAndRecyleBin"},"supportedOn":{"ref":"windows:SUPPORTED_Windows7"},"elements":{"items":[{"valueName":"daystokeeprecycleditems","minValue":0,"minValueSpecified":true,"maxValue":365,"maxValueSpecified":true,"inputType":"decimalTextBox","caption":"Zurückliegende Tage, für die Elemente im Papierkorb behalten werden sollen","id":"L_DaysBackToKeepItemsInRecycleBinSpinID"}]},"name":"L_DaysBackToKeepItemsInRecycleBin","displayName":"Zurückliegende Tage, für die Elemente im Papierkorb behalten werden sollen","explainText":"Diese Richtlinieneinstellung ermöglicht es Ihnen, eine Anzahl zurückliegender Tagen festzulegen, bei deren Überschreiten alle dem Papierkorb hinzugefügten Elemente, die älter als der Wert sind, gelöscht werden, wenn der Versionsverlauf gelöscht wird. Bei einem Notizbuch im 2016-Format speichert OneNote automatisch vorherige Versionen der Seiten im Notizbuch sowie einen Papierkorb mit allen gelöschten Seiten und Abschnitten.\n\nWenn Sie diese Richtlinieneinstellung aktivieren, können Sie die Anzahl von zurückliegenden Tagen festlegen, für die Elemente im Papierkorb behalten werden sollen.\n\nWenn Sie diese Richtlinieneinstellung nicht konfigurieren, verwendet OneNote den Standardwert von 60 zurückliegenden Tagen.","tags":["L_VersionsAndRecyleBin","L_OneNoteOptions","L_MicrosoftOfficeOneNote"],"application":"onent16","key":"software\\microsoft\\office\\16.0\\onenote\\options\\versions"},{"parentCategory":{"ref":"L_Other"},"supportedOn":{"ref":"windows:SUPPORTED_Windows7"},"elements":{"items":[{"valueName":"folderpollinterval","minValue":1,"minValueSpecified":true,"maxValue":3600,"maxValueSpecified":true,"inputType":"decimalTextBox","caption":"Intervall zum Abrufen des Servers (Sekunden)","id":"L_SetUNCIntervalToPollForChangesOnFileServersSpinID"}]},"name":"L_SetUNCIntervalToPollForChangesOnFileServers","displayName":"UNC-Intervall für das Abrufen von Änderungen auf Dateiservern festlegen","explainText":"Diese Richtlinieneinstellung ermöglicht Ihnen die Änderung des Synchronisierungsintervalls, in dem von OneNote Änderungen auf dem Server abgerufen werden. Wenn OneNote ein Notizbuch auf UNC (auch als SMB oder Windows-Dateifreigaben bekannt) synchronisiert, empfängt OneNote Benachrichtigungen vom Dateiserver und ruft den Server auf neue Aktualisierungen ab.\n\nDurch Verkürzung des Intervalls führt OneNote die Synchronisierung schneller aus, aber es kann auch zu Leistungsproblemen auf dem Server führen.\n\nWenn Sie diese Richtlinieneinstellung aktivieren, können Sie Anzahl von Sekunden angeben, nach denen OneNote den Abruf ausführt.\n\nWenn Sie diese Richtlinieneinstellung deaktivieren oder nicht konfigurieren, führt OneNote den Abruf automatisch alle 30 Sekunden aus.","tags":["L_Other","L_OneNoteOptions","L_MicrosoftOfficeOneNote"],"application":"onent16","key":"software\\microsoft\\office\\16.0\\onenote\\options\\save"},{"parentCategory":{"ref":"L_Other"},"supportedOn":{"ref":"windows:SUPPORTED_Windows7"},"enabledValue":{"decimal":{"value":0}},"disabledValue":{"decimal":{"value":1}},"name":"L_TurnOffOneNoteAutoLinkedNoteTaking","displayName":"Automatisches Erstellen verknüpfter Notizen in OneNote deaktivieren","explainText":"Diese Richtlinieneinstellung deaktiviert das OneNote-Feature zum automatischen Erstellen von Notizen, das es ermöglicht, Notizen zu Elementen wie Webseiten, Word-Dokumente usw. zu erstellen. OneNote zeichnet dabei automatisch auf, welche Seiten oder welches Dokument angezeigt wurde, als die jeweilige Notiz erstellt wurde.\n\nWenn Sie diese Richtlinieneinstellung aktivieren, werden Notizen in OneNote nicht automatisch verknüpft, wenn der Benutzer versucht, dieses Feature zu aktivieren.\n\nWenn Sie diese Richtlinieneinstellung deaktivieren oder nicht konfigurieren, werden in OneNote Notizen automatisch verknüpft, wenn der Benutzer versucht, dieses Feature zu aktivieren.","tags":["L_Other","L_OneNoteOptions","L_MicrosoftOfficeOneNote"],"application":"onent16","key":"software\\microsoft\\office\\16.0\\onenote\\options\\linkednotes","valueName":"autolink"},{"parentCategory":{"ref":"L_Other"},"supportedOn":{"ref":"windows:SUPPORTED_Windows7"},"enabledValue":{"decimal":{"value":1}},"disabledValue":{"decimal":{"value":0}},"name":"L_DisableOCR","displayName":"OCR deaktivieren","explainText":"Mit dieser Richtlinie wird die Optische Zeichenerkennung (OCR) von OneNote deaktiviert. Mit dem OCR-Feature können in OneNote automatisch Bilder durchsucht werden, um nach Text zu suchen, der in Suchergebnissen angezeigt wird.","tags":["L_Other","L_OneNoteOptions","L_MicrosoftOfficeOneNote"],"application":"onent16","key":"software\\microsoft\\office\\16.0\\onenote\\options\\other","valueName":"disableocr"},{"parentCategory":{"ref":"L_Other"},"supportedOn":{"ref":"windows:SUPPORTED_Windows7"},"elements":{"items":[{"valueName":"blockedextensions","requiredSpecified":false,"expandableSpecified":false,"maxLength":2147483647,"maxLengthSpecified":false,"inputType":"textBox","caption":"","id":"L_empty12"}]},"name":"L_EmbeddedFilesBlockedExtensions","displayName":"Blockierte Erweiterungen für eingebettete Dateien","explainText":"Wenn Sie verhindern möchten, dass Benutzer in Ihrer Organisation eine Dateianlage mit einem bestimmten Dateityp aus einer Microsoft OneNote-Seite öffnen können, fügen Sie die zu deaktivierenden Erweiterungen mithilfe des folgenden Formats hinzu: \".ext1;.ext2;\". Wenn Sie das Öffnen beliebiger Anlagen aus einer OneNote-Seite deaktivieren möchten, verwenden Sie die Richtlinie \"Eingebettete Dateien deaktivieren\". Eingebettete Audio- und Videoaufzeichnungen (WMA & WMV) können mithilfe dieser Richtlinie nicht gesperrt werden. Verwenden Sie stattdessen die Richtlinie \"Eingebettete Dateien deaktivieren\".","tags":["L_Other","L_OneNoteOptions","L_MicrosoftOfficeOneNote"],"application":"onent16","key":"software\\microsoft\\office\\16.0\\onenote\\options\\embeddedfileopenoptions"},{"parentCategory":{"ref":"L_Other"},"supportedOn":{"ref":"windows:SUPPORTED_Windows7"},"elements":{"items":[{"valueName":"addnotebooks","requiredSpecified":false,"expandableSpecified":false,"maxLength":2147483647,"maxLengthSpecified":false,"inputType":"textBox","caption":"","id":"L_empty13"}]},"name":"L_Loadanotebookonfirstboot","displayName":"Notizbuch beim erstmaligen Starten laden","explainText":"Zeigt auf einen Ordner, der ein Notizbuch enthält, das beim erstmaligen Starten geladen werden soll.","tags":["L_Other","L_OneNoteOptions","L_MicrosoftOfficeOneNote"],"application":"onent16","key":"software\\microsoft\\office\\16.0\\onenote\\options\\other"},{"parentCategory":{"ref":"L_Other"},"supportedOn":{"ref":"windows:SUPPORTED_Windows7"},"enabledValue":{"decimal":{"value":1}},"disabledValue":{"decimal":{"value":0}},"name":"L_Disableembeddedfiles","displayName":"Eingebettete Dateien deaktivieren","explainText":"Deaktiviert die Möglichkeit, Dateien auf einer OneNote-Seite einzubetten, sodass Benutzer keine Dateien übertragen können, die nicht von einem Antivirusprogramm usw. abgefangen werden. Hinweis: Mit dieser Richtlinie werden nur eingebettete Dateien in der OneNote-Benutzeroberfläche eingeschränkt, wenn eine Seite eine eingebettete Datei enthält. Die eingebetteten Dateien im Dateisystem werden weiterhin von OneNote synchronisiert und repliziert.","tags":["L_Other","L_OneNoteOptions","L_MicrosoftOfficeOneNote"],"application":"onent16","key":"software\\microsoft\\office\\16.0\\onenote\\options","valueName":"disableembeddedfiles"},{"parentCategory":{"ref":"L_Other"},"supportedOn":{"ref":"windows:SUPPORTED_Windows7"},"enabledValue":{"decimal":{"value":1}},"disabledValue":{"decimal":{"value":0}},"name":"L_DisableOneNotescreenclippingnotifications","displayName":"Benachrichtigungen zu OneNote-Bildschirmausschnitten deaktivieren","explainText":"Deaktiviert alle Benachrichtigungen zu OneNote-Bildschirmausschnitten.","tags":["L_Other","L_OneNoteOptions","L_MicrosoftOfficeOneNote"],"application":"onent16","key":"software\\microsoft\\office\\16.0\\onenote\\options\\other","valueName":"disablescreenclippingballoon"},{"parentCategory":{"ref":"L_Other"},"supportedOn":{"ref":"windows:SUPPORTED_Windows7"},"enabledValue":{"decimal":{"value":1}},"disabledValue":{"decimal":{"value":0}},"name":"L_DisableOneNoteScreenClippings","displayName":"OneNote-Bildschirmausschnitte deaktivieren","explainText":"Deaktiviert das Bildschirmausschnittfeature in OneNote.","tags":["L_Other","L_OneNoteOptions","L_MicrosoftOfficeOneNote"],"application":"onent16","key":"software\\microsoft\\office\\16.0\\onenote\\options\\other","valueName":"disablescreenclippings"},{"parentCategory":{"ref":"L_Other"},"supportedOn":{"ref":"windows:SUPPORTED_Windows7"},"elements":{"items":[{"valueName":"inaccessibleserverdaysbeforewarn","minValue":0,"minValueSpecified":true,"maxValue":30,"maxValueSpecified":true,"inputType":"decimalTextBox","id":"L_empty14"}]},"name":"L_Numberofdaysbeforewarningthatserveris","displayName":"Anzahl der Tage bis zur Warnung, dass auf den Server kein Zugriff möglich ist","explainText":"Legen Sie fest, nach wie vielen Tagen von OneNote eine Warnung ausgegeben wird, dass kein Zugriff auf den Server möglich ist, und eine Aufforderung zur Eingabe eines neuen Orts für die betroffenen Dateien erfolgt.","tags":["L_Other","L_OneNoteOptions","L_MicrosoftOfficeOneNote"],"application":"onent16","key":"software\\microsoft\\office\\16.0\\onenote\\options\\synchronization"},{"parentCategory":{"ref":"L_Other"},"supportedOn":{"ref":"windows:SUPPORTED_Windows7"},"elements":{"items":[{"valueName":"sharepointsyncinterval","minValue":10,"minValueSpecified":true,"maxValue":604800,"maxValueSpecified":true,"inputType":"decimalTextBox","id":"L_empty15"}]},"name":"L_SharePointsyncinterval","displayName":"SharePoint-Synchronisierungsintervall für in SharePoint gespeicherte Notizbücher","explainText":"Begrenzt, wie oft von OneNote Änderungen an einem Abschnitt von einer SharePoint-Website abgerufen werden. Geben Sie das Synchronisierungsintervall in Sekunden ein.","tags":["L_Other","L_OneNoteOptions","L_MicrosoftOfficeOneNote"],"application":"onent16","key":"software\\microsoft\\office\\16.0\\onenote\\options\\save"},{"parentCategory":{"ref":"L_Other"},"supportedOn":{"ref":"windows:SUPPORTED_Windows7"},"elements":{"items":[{"valueName":"sharepointbackgroundsyncintervalmultiplier","minValue":1,"minValueSpecified":true,"maxValue":10,"maxValueSpecified":true,"inputType":"decimalTextBox","id":"L_empty16"}]},"name":"L_SharePointbackgroundsyncintervalmultiplier","displayName":"Multiplikator für Hintergrund-Synchronisierungsintervall für in SharePoint gespeicherte Notizbücher","explainText":"Anhand dieser Richtlinieneinstellung können Sie das Intervall zwischen Hintergrundabfragen einer SharePoint-Website zu Änderungen an Notizbüchern vergrößern.\n\nWird diese Richtlinieneinstellung aktiviert, stellt OneNote weniger häufig Abfragen zu Änderungen an ganzen Notizbüchern an SharePoint. Die Intervalle werden mit dem eingegebenen Wert, einer positiven ganzen Zahl zwischen 1 und 10, multipliziert. Größere Intervalle verlangsamen die Synchronisierung von Notizbüchern, verringern jedoch die Serverlast.\n\nWird diese Richtlinieneinstellung deaktiviert oder nicht konfiguriert, synchronisiert OneNote Notizbücher anhand der Standardrate (Multiplikator von 1).\n\nHinweis: Diese Richtlinieneinstellung gilt nur für Volumenlizenzen von Office 2016, die Windows Installer (MSI) verwenden, wie Office Professional Plus 2016 und Office Standard 2016.","tags":["L_Other","L_OneNoteOptions","L_MicrosoftOfficeOneNote"],"application":"onent16","key":"software\\microsoft\\office\\16.0\\onenote\\options\\save"},{"parentCategory":{"ref":"L_Other"},"supportedOn":{"ref":"windows:SUPPORTED_Windows7"},"elements":{"items":[{"valueName":"sharepointlivesyncintervalmultiplier","minValue":1,"minValueSpecified":true,"maxValue":10,"maxValueSpecified":true,"inputType":"decimalTextBox","id":"L_empty17"}]},"name":"L_SharePointlivesyncintervalmultiplier","displayName":"Multiplikator für Vordergrund-Synchronisierungsintervall für den in SharePoint aktuell angezeigten Abschnitt","explainText":"Anhand dieser Richtlinieneinstellung können Sie das Intervall zwischen Vordergrundabfragen einer SharePoint-Website zu Änderungen am aktuell angezeigten Abschnitt vergrößern.\n\nWird diese Richtlinieneinstellung aktivieren, stellt OneNote weniger häufig Abfragen zu Änderungen am aktuell angezeigten Abschnitt an SharePoint. Die Intervalle werden mit dem eingegebenen Wert, einer positiven ganzen Zahl zwischen 1 und 10, multipliziert. Größere Intervalle verlangsamen die Synchronisierung des Abschnitts, verringern jedoch die Serverlast.\n\nWird diese Richtlinieneinstellung deaktiviert oder nicht konfiguriert, synchronisiert OneNote den aktuell angezeigten Abschnitt anhand der Standardrate (Multiplikator von 1).\n\nHinweis: Diese Richtlinieneinstellung gilt nur für Volumenlizenzen von Office 2016, die Windows Installer (MSI) verwenden, wie Office Professional Plus 2016 und Office Standard 2016.","tags":["L_Other","L_OneNoteOptions","L_MicrosoftOfficeOneNote"],"application":"onent16","key":"software\\microsoft\\office\\16.0\\onenote\\options\\save"},{"parentCategory":{"ref":"L_Other"},"supportedOn":{"ref":"windows:SUPPORTED_Windows7"},"elements":{"items":[{"valueName":"sharepointpresenceintervalmultiplier","minValue":1,"minValueSpecified":true,"maxValue":10,"maxValueSpecified":true,"inputType":"decimalTextBox","id":"L_empty18"}]},"name":"L_SharePointpresenceintervalmultiplier","displayName":"Multiplikator für Anwesenheit-Synchronisierungsintervall für in SharePoint gespeicherte Notizbücher","explainText":"Anhand dieser Richtlinieneinstellung können Sie das Intervall zwischen den Abfragen an SharePoint vergrößern, um aktive Benutzer von Notizbüchern zu ermitteln. OneNote synchronisiert Notizbücher mit einer schnelleren Rate, wenn andere Benutzer mit einem Notizbuch interagieren.\n\nWird diese Richtlinieneinstellung aktiviert, stellt OneNote weniger häufig Abfragen an SharePoint, um festzustellen, ob andere Benutzer derzeit mit einem Notizbuch interagieren. Die Intervalle werden mit dem eingegebenen Wert, einer positiven ganzen Zahl zwischen 1 und 10, multipliziert. Größere Intervalle verlangsamen die Erkennung von gleichzeitigen Benutzern in einem Notizbuch, verringern jedoch die Serverlast.\n\nWird diese Richtlinieneinstellung deaktiviert oder nicht konfiguriert, stellt OneNote Abfragen nach aktiven Benutzern von Notizbüchern anhand der Standardrate (Multiplikator von 1).\n\nHinweis: Diese Richtlinieneinstellung gilt nur für Volumenlizenzen von Office 2016, die Windows Installer (MSI) verwenden, wie Office Professional Plus 2016 und Office Standard 2016.","tags":["L_Other","L_OneNoteOptions","L_MicrosoftOfficeOneNote"],"application":"onent16","key":"software\\microsoft\\office\\16.0\\onenote\\options\\save"},{"parentCategory":{"ref":"L_Other"},"supportedOn":{"ref":"windows:SUPPORTED_Windows7"},"elements":{"items":[{"item":[{"value":{"decimal":{"value":0}},"displayName":"Zoll"},{"value":{"decimal":{"value":1}},"displayName":"Zentimeter"},{"value":{"decimal":{"value":2}},"displayName":"Millimeter"},{"value":{"decimal":{"value":3}},"displayName":"Punkt"},{"value":{"decimal":{"value":4}},"displayName":"Pica"}],"valueName":"measurementunit","inputType":"dropdownList","caption":"Standardmaßeinheit angeben:","id":"L_Specifydefaultunitofmeasurement"}]},"name":"L_DefaultunitofmeasurementusedinOneNote","displayName":"In OneNote verwendete Standardmaßeinheit","explainText":"Legt den Wert in der Option \"Maßeinheit\" fest.","tags":["L_Other","L_OneNoteOptions","L_MicrosoftOfficeOneNote"],"application":"onent16","key":"software\\microsoft\\office\\16.0\\onenote\\options\\other"},{"parentCategory":{"ref":"L_Other"},"supportedOn":{"ref":"windows:SUPPORTED_Windows7"},"enabledValue":{"decimal":{"value":1}},"disabledValue":{"decimal":{"value":0}},"name":"L_AddOneNoteicontonotificationarea","displayName":"OneNote-Symbol dem Infobereich hinzufügen","explainText":"Aktiviert/deaktiviert die Option \"Symbol für OneNote im Infobereich der Taskleiste anzeigen\".","tags":["L_Other","L_OneNoteOptions","L_MicrosoftOfficeOneNote"],"application":"onent16","key":"software\\microsoft\\office\\16.0\\onenote\\options\\other","valueName":"runsystemtrayapp"},{"parentCategory":{"ref":"L_Other"},"supportedOn":{"ref":"windows:SUPPORTED_Windows7"},"enabledValue":{"decimal":{"value":0}},"disabledValue":{"decimal":{"value":1}},"name":"L_NotebookPresence","displayName":"Notizbuch-Anwesenheit","explainText":"Diese Richtlinieneinstellung aktiviert oder deaktiviert die Funktion Notizbuch-Anwesenheit in OneNote, mit der die Anwesenheitsinformationen eines Benutzers innerhalb eines Notizbuchs übertragen werden und die Synchronisierung für Benutzer, die die gleiche Seite bearbeiten, in Echtzeit ermöglicht wird. Hinweis:  Änderungen an dieser Richtlinie werden erst nach einem Neustart von OneNote wirksam.\n\nWenn Sie diese Richtlinieneinstellung aktivieren oder nicht konfigurieren, werden die Benutzer benachrichtigt, wenn sie in einem Notizbuch die gleiche Seite wie ein anderer Benutzer bearbeiten. OneNote stellt außerdem auf Echtzeitsynchronisierung um, wenn die Bearbeitung der gleichen Seite durch mehrere Benutzer erkannt wird. \n\nWenn Sie diese Richtlinieneinstellung deaktivieren, werden Benutzer nicht benachrichtigt, wenn sie in einem Notizbuch die gleiche Seite wie ein anderer Benutzer bearbeiten. OneNote stellt in diesem Fall nicht auf Echtzeitsynchronisierung um, wenn die Bearbeitung der gleichen Seite durch mehrere Benutzer erkannt wird.","tags":["L_Other","L_OneNoteOptions","L_MicrosoftOfficeOneNote"],"application":"onent16","key":"software\\microsoft\\office\\16.0\\onenote\\options","valueName":"disablepresence"},{"parentCategory":{"ref":"L_Other"},"supportedOn":{"ref":"windows:SUPPORTED_Windows7"},"elements":{"items":[{"valueName":"insertedfilesdisallowembeddingsizethreshold","minValue":10485760,"minValueSpecified":true,"maxValue":2147483648,"maxValueSpecified":true,"inputType":"decimalTextBox","id":"L_EmbeddedFileSizeLimit"}]},"name":"L_SpecifyEmbeddedFileSizeLimit","displayName":"Größeneinschränkung der eingebetteten Datei","explainText":"Diese Richtlinieneinstellung ermöglicht Ihnen die Angabe der maximal zulässigen Größe für eingebettete Dateien, die von Benutzern direkt in ein OneNote-Notizbuch auf einem SharePoint-Server eingefügt werden können.\n \nWenn Sie diese Richtlinieneinstellung aktivieren, können Sie den Standardmaximalwert für die Dateigröße von 50 MB erhöhen oder verringern. \n\nWenn Sie diesen Wert erhöhen, können Benutzer größere Dateien direkt in das Notizbuch einfügen, was aber die Serverleistung beeinträchtigen kann. \n\nWenn Sie diesen Wert verringern, können Benutzer nur kleinere Dateien direkt in das Notizbuch einfügen, was die Serverleistung verbessern kann, wenn die OneNote-Synchronisierung ein hohes Datenverkehrsaufkommen generiert.\n\nWenn Sie diese Richtlinieneinstellung deaktivieren oder nicht konfigurieren, können Benutzer keine Dateien in ein OneNote-Notizbuch einfügen, die größer als 50 MB sind. Stattdessen werden solche Dateien dann in einen SharePoint-Ordner hochgeladen und als Link in das Notizbuch eingefügt.","tags":["L_Other","L_OneNoteOptions","L_MicrosoftOfficeOneNote"],"application":"onent16","key":"software\\microsoft\\office\\16.0\\onenote\\general"},{"parentCategory":{"ref":"L_Other"},"supportedOn":{"ref":"windows:SUPPORTED_Windows_6_3_NOARM"},"enabledValue":{"decimal":{"value":1}},"disabledValue":{"decimal":{"value":0}},"name":"L_DisableSupportDiagnostics","displayName":"Deaktivieren der Supportdiagnose in OneNote","explainText":"Diese Richtlinieneinstellung steuert, ob OneNote bei einem Fehler Clientinformationen an Supportdienste sendet.\n\nDas Senden von Clientinformationen an Supportdienste bei Fehlern kann helfen, das Problem zu diagnostizieren, Lösungsschritte bereitzustellen oder dem Benutzer kontextbezogene Fehlermeldungen anzuzeigen.\n\nWenn Sie diese Richtlinieneinstellung aktivieren, sendet OneNote bei einem Fehler keine Clientinformationen an Supportdienste.\n\nWenn Sie diese Richtlinieneinstellung deaktivieren oder nicht konfigurieren, sendet OneNote bei einem Fehler Clientinformationen an Supportdienste.\n\nHinweis: Diese Richtlinieneinstellung gilt nur für OneNote Version 2207 und höher.","tags":["L_Other","L_OneNoteOptions","L_MicrosoftOfficeOneNote"],"application":"onent16","key":"software\\microsoft\\office\\16.0\\onenote\\general","valueName":"disablesupportdiagnostics"},{"parentCategory":{"ref":"L_Advanced"},"supportedOn":{"ref":"windows:SUPPORTED_Windows_10"},"enabledList":[{"value":{"string":"true"},"valueName":"Microsoft.Office.UXPlatform.FluentSVRefresh"},{"value":{"string":"true"},"valueName":"Microsoft.Office.UXPlatform.RibbonTouchOptimization"},{"value":{"string":"true"},"valueName":"Microsoft.Office.UXPlatform.FluentSVRibbonOptionsMenu"}],"disabledList":[{"value":{"string":"false"},"valueName":"Microsoft.Office.UXPlatform.FluentSVRefresh"},{"value":{"string":"false"},"valueName":"Microsoft.Office.UXPlatform.RibbonTouchOptimization"},{"value":{"string":"false"},"valueName":"Microsoft.Office.UXPlatform.FluentSVRibbonOptionsMenu"}],"name":"L_onenoteVisualRefresh","displayName":"Einstellungen für die visuelle Aktualisierung","explainText":"Aktivieren oder Deaktivieren der visuellen Aktualisierung. Funktioniert möglicherweise nicht bei allen Office-Versionen.\n\nDaten werden von Office Tool Plus bereitgestellt.","tags":["L_Advanced"],"application":"onent16","key":"Software\\Microsoft\\Office\\16.0\\Common\\ExperimentConfigs\\ExternalFeatureOverrides\\onenote"},{"parentCategory":{"ref":"L_Advanced"},"supportedOn":{"ref":"windows:SUPPORTED_Windows_11"},"enabledValue":{"string":"true"},"disabledValue":{"string":"false"},"name":"L_MSCopilotFor_OneNote","displayName":"Microsoft Copilot","explainText":"Aktivieren oder deaktivieren Sie Microsoft Copilot in Office-Anwendungen.\n\nDaten werden von Office Tool Plus bereitgestellt.","tags":["L_Advanced"],"application":"onent16","key":"Software\\Microsoft\\Office\\16.0\\Common\\ExperimentConfigs\\ExternalFeatureOverrides\\OneNote","valueName":"Microsoft.Office.OneNote.CopilotExperiment"}]}